{"type":"FeatureCollection","totalFeatures":30,"features":[{"type":"Feature","id":"oria_vipe.1","geometry":{"type":"MultiPolygon","coordinates":[[[[21.8803,40.7851],[21.8798,40.7851],[21.8793,40.7851],[21.8788,40.7851],[21.8787,40.7851],[21.8786,40.7851],[21.878,40.785],[21.8778,40.785],[21.8773,40.785],[21.8767,40.785],[21.8759,40.785],[21.8754,40.785],[21.8747,40.785],[21.8747,40.7849],[21.8744,40.7849],[21.874,40.7848],[21.874,40.7848],[21.8737,40.7848],[21.873,40.7849],[21.8729,40.7849],[21.8731,40.785],[21.8733,40.7851],[21.8738,40.7853],[21.8748,40.7857],[21.8753,40.7859],[21.8757,40.7861],[21.8763,40.7864],[21.8772,40.787],[21.8782,40.7875],[21.8786,40.7878],[21.8791,40.7881],[21.8795,40.7884],[21.8799,40.7887],[21.8802,40.7889],[21.8804,40.789],[21.881,40.7895],[21.8816,40.7897],[21.8821,40.7899],[21.8826,40.79],[21.8828,40.79],[21.8833,40.79],[21.8838,40.79],[21.8843,40.7899],[21.8843,40.7898],[21.8849,40.7896],[21.885,40.7896],[21.8853,40.7894],[21.8858,40.7891],[21.8859,40.789],[21.8861,40.7887],[21.8868,40.7879],[21.888,40.7865],[21.8886,40.7857],[21.8892,40.7851],[21.8893,40.785],[21.8894,40.7849],[21.8897,40.7845],[21.8899,40.7844],[21.89,40.7843],[21.8901,40.7841],[21.8906,40.7838],[21.891,40.7835],[21.8911,40.7835],[21.8915,40.7832],[21.892,40.7829],[21.8924,40.7827],[21.8929,40.7824],[21.8935,40.7822],[21.8939,40.782],[21.8945,40.7818],[21.8948,40.7816],[21.8947,40.7815],[21.8946,40.7813],[21.8939,40.7814],[21.8934,40.7815],[21.8928,40.7817],[21.8926,40.7818],[21.8925,40.7818],[21.8918,40.7821],[21.8915,40.7822],[21.8912,40.7823],[21.891,40.7824],[21.8907,40.7824],[21.8906,40.7825],[21.8906,40.7825],[21.8902,40.7828],[21.8901,40.7828],[21.8899,40.783],[21.8897,40.7831],[21.8897,40.7831],[21.8895,40.7833],[21.8894,40.7834],[21.8891,40.7836],[21.8887,40.7838],[21.8883,40.7839],[21.8882,40.7839],[21.8881,40.7839],[21.8878,40.784],[21.8875,40.7841],[21.8874,40.7841],[21.8873,40.7841],[21.8871,40.7841],[21.8871,40.7841],[21.8866,40.7842],[21.8865,40.7842],[21.8862,40.7843],[21.8857,40.7844],[21.8854,40.7844],[21.8849,40.7845],[21.8847,40.7845],[21.8846,40.7846],[21.8842,40.7846],[21.8839,40.7846],[21.8838,40.7846],[21.8831,40.7847],[21.883,40.7847],[21.882,40.7848],[21.8818,40.7849],[21.8817,40.7849],[21.8815,40.7849],[21.881,40.785],[21.8804,40.7851],[21.8803,40.7851]]]]},"geometry_name":"the_geom","properties":{"TAG":"ΒΙ.ΠΕ. ΕΔΕΣΣΑΣ","COMMENTS":"","AREA_KM2":0.521302}},{"type":"Feature","id":"oria_vipe.2","geometry":{"type":"MultiPolygon","coordinates":[[[[24.0655,41.1734],[24.0654,41.1742],[24.0654,41.1744],[24.0615,41.1744],[24.0613,41.1744],[24.058,41.1744],[24.0578,41.1744],[24.0579,41.1799],[24.0579,41.18],[24.0613,41.18],[24.0615,41.18],[24.0648,41.18],[24.065,41.18],[24.0653,41.18],[24.0653,41.18],[24.0655,41.18],[24.0695,41.1799],[24.07,41.1799],[24.0729,41.1799],[24.0755,41.1799],[24.076,41.1799],[24.076,41.1799],[24.076,41.1799],[24.0772,41.1799],[24.0777,41.1799],[24.0816,41.1799],[24.0818,41.1799],[24.082,41.1799],[24.0819,41.1798],[24.082,41.1796],[24.0819,41.1788],[24.0819,41.1786],[24.0819,41.178],[24.0817,41.1777],[24.0817,41.1776],[24.0818,41.177],[24.0815,41.1766],[24.0814,41.1764],[24.0813,41.1763],[24.0814,41.1761],[24.0814,41.176],[24.0814,41.1759],[24.0812,41.1756],[24.0811,41.1754],[24.0811,41.1753],[24.0806,41.1748],[24.0799,41.1744],[24.0798,41.1731],[24.0792,41.1718],[24.0792,41.1712],[24.0791,41.171],[24.0791,41.1708],[24.0785,41.1702],[24.0784,41.1697],[24.0785,41.1695],[24.0785,41.1694],[24.0785,41.1692],[24.0785,41.1692],[24.0786,41.169],[24.0787,41.1688],[24.0787,41.1688],[24.0787,41.1687],[24.0788,41.1687],[24.0789,41.1685],[24.0791,41.1683],[24.0789,41.168],[24.0789,41.1679],[24.0789,41.1679],[24.0789,41.1677],[24.079,41.1674],[24.079,41.1673],[24.079,41.167],[24.0789,41.1669],[24.0782,41.166],[24.0782,41.1659],[24.0774,41.1649],[24.077,41.1645],[24.0765,41.1639],[24.0765,41.1638],[24.0764,41.1638],[24.0762,41.1634],[24.076,41.1631],[24.076,41.163],[24.0758,41.1626],[24.0755,41.1627],[24.0755,41.1627],[24.0739,41.163],[24.0725,41.1633],[24.0711,41.1636],[24.0669,41.1644],[24.0668,41.1644],[24.0666,41.1645],[24.0664,41.1645],[24.0665,41.165],[24.0667,41.1654],[24.0668,41.1658],[24.067,41.1663],[24.0672,41.1667],[24.0674,41.1673],[24.0676,41.1679],[24.0677,41.1683],[24.0678,41.1686],[24.0681,41.1693],[24.0675,41.1697],[24.0668,41.1706],[24.0663,41.1712],[24.0661,41.1715],[24.0659,41.1721],[24.0655,41.1734]]]]},"geometry_name":"the_geom","properties":{"TAG":"ΒΙ.ΠΕ. ΔΡΑΜΑΣ","COMMENTS":"","AREA_KM2":2.42957}},{"type":"Feature","id":"oria_vipe.3","geometry":{"type":"MultiPolygon","coordinates":[[[[22.7834,41.0435],[22.7822,41.0444],[22.779,41.0471],[22.7787,41.0473],[22.7778,41.0481],[22.7774,41.0485],[22.7771,41.0489],[22.7765,41.0495],[22.7761,41.05],[22.7759,41.0504],[22.7755,41.0512],[22.7754,41.0516],[22.7751,41.0525],[22.7749,41.0529],[22.7745,41.054],[22.7744,41.0542],[22.7743,41.0544],[22.7742,41.0546],[22.7763,41.0551],[22.7767,41.055],[22.7765,41.0553],[22.7765,41.0557],[22.7766,41.0563],[22.7769,41.0566],[22.777,41.057],[22.777,41.0572],[22.777,41.0573],[22.7769,41.0576],[22.7768,41.0578],[22.7768,41.058],[22.7768,41.0582],[22.7769,41.0583],[22.7768,41.0585],[22.777,41.0588],[22.777,41.0589],[22.777,41.059],[22.777,41.0592],[22.777,41.0595],[22.7771,41.0596],[22.7771,41.0598],[22.7773,41.06],[22.7774,41.06],[22.7776,41.0599],[22.7778,41.0599],[22.778,41.0598],[22.7781,41.0597],[22.7779,41.0627],[22.7783,41.063],[22.7786,41.0631],[22.7789,41.0631],[22.7821,41.0628],[22.7822,41.0628],[22.7823,41.0627],[22.7823,41.0626],[22.7829,41.0615],[22.7849,41.062],[22.7851,41.062],[22.7853,41.0619],[22.7855,41.0619],[22.7855,41.0618],[22.7855,41.0618],[22.7856,41.0618],[22.7858,41.0613],[22.7858,41.0613],[22.7858,41.0613],[22.7871,41.0587],[22.7892,41.0541],[22.7878,41.0542],[22.7878,41.0542],[22.7876,41.0531],[22.7873,41.0518],[22.7873,41.0518],[22.7872,41.0515],[22.787,41.0504],[22.7868,41.0498],[22.7867,41.0495],[22.7866,41.0491],[22.7865,41.0486],[22.7863,41.0476],[22.7861,41.0468],[22.7859,41.0463],[22.7858,41.0458],[22.7856,41.0452],[22.7855,41.0451],[22.7841,41.0454],[22.7834,41.0435]]]]},"geometry_name":"the_geom","properties":{"TAG":"Ε.Π. ΚΙΛΚΙΣ","COMMENTS":"","AREA_KM2":1.63719}},{"type":"Feature","id":"oria_vipe.13","geometry":{"type":"MultiPolygon","coordinates":[[[[22.8697,39.3743],[22.8689,39.3738],[22.8686,39.3736],[22.8685,39.3736],[22.8683,39.3735],[22.8682,39.3733],[22.8679,39.3732],[22.8665,39.3725],[22.8664,39.3722],[22.8662,39.3721],[22.866,39.372],[22.8658,39.3719],[22.8656,39.3717],[22.8655,39.3716],[22.8653,39.3715],[22.8652,39.3714],[22.865,39.3712],[22.8649,39.371],[22.8647,39.3709],[22.8647,39.3708],[22.8647,39.3708],[22.8646,39.3708],[22.8644,39.3705],[22.8642,39.3703],[22.864,39.3701],[22.8639,39.3701],[22.8638,39.37],[22.8636,39.3699],[22.8633,39.3698],[22.8631,39.3697],[22.8629,39.3697],[22.8626,39.3696],[22.8624,39.3696],[22.8622,39.3697],[22.862,39.3697],[22.8619,39.3697],[22.8618,39.3698],[22.8616,39.3698],[22.8615,39.3699],[22.8614,39.3699],[22.8613,39.37],[22.8612,39.3701],[22.8611,39.3702],[22.861,39.3703],[22.861,39.3703],[22.8608,39.3704],[22.8608,39.3704],[22.8608,39.3705],[22.8607,39.3706],[22.8606,39.3708],[22.8606,39.3709],[22.8605,39.3711],[22.8605,39.3713],[22.8605,39.3714],[22.8605,39.3716],[22.8606,39.3716],[22.8606,39.3718],[22.8606,39.3719],[22.8606,39.3719],[22.8607,39.3721],[22.8607,39.3721],[22.8608,39.3723],[22.8611,39.373],[22.8614,39.3736],[22.8615,39.3738],[22.8616,39.374],[22.8617,39.3741],[22.8618,39.3742],[22.8618,39.3743],[22.862,39.3745],[22.8621,39.3746],[22.8622,39.3747],[22.8624,39.3747],[22.8625,39.3748],[22.8627,39.3749],[22.8632,39.375],[22.8636,39.3752],[22.8638,39.3753],[22.8639,39.3753],[22.8641,39.3754],[22.8643,39.3755],[22.8644,39.3756],[22.8645,39.3757],[22.8646,39.3759],[22.8648,39.376],[22.8648,39.3762],[22.8649,39.3762],[22.865,39.3765],[22.8651,39.3767],[22.8655,39.3774],[22.8656,39.3775],[22.8657,39.3778],[22.8658,39.378],[22.8658,39.3782],[22.8658,39.3782],[22.8661,39.3782],[22.8665,39.3784],[22.8669,39.3785],[22.867,39.3785],[22.8681,39.3791],[22.8682,39.3792],[22.8685,39.3793],[22.8687,39.3793],[22.869,39.3794],[22.8691,39.3795],[22.8695,39.3795],[22.8696,39.3795],[22.8703,39.3794],[22.8706,39.3794],[22.871,39.3795],[22.8714,39.3795],[22.8718,39.3796],[22.872,39.3796],[22.8723,39.3795],[22.8725,39.3795],[22.8726,39.3795],[22.8728,39.3796],[22.8731,39.3796],[22.8732,39.3796],[22.8732,39.3795],[22.8732,39.3795],[22.8729,39.3791],[22.873,39.3791],[22.8729,39.3791],[22.8729,39.379],[22.8729,39.379],[22.8732,39.3789],[22.8732,39.3787],[22.873,39.378],[22.873,39.378],[22.873,39.378],[22.8729,39.378],[22.8729,39.378],[22.8728,39.378],[22.8728,39.378],[22.8728,39.378],[22.8728,39.3779],[22.8727,39.3777],[22.8725,39.3775],[22.8724,39.3772],[22.8722,39.3769],[22.8721,39.3767],[22.872,39.3765],[22.8719,39.3764],[22.8717,39.376],[22.8714,39.3759],[22.8711,39.3753],[22.8708,39.3751],[22.8704,39.3747],[22.8697,39.3743]]]]},"geometry_name":"the_geom","properties":{"TAG":"ΒΙΟ.ΠΑ. ΒΟΛΟΥ","COMMENTS":"","AREA_KM2":0.567072}},{"type":"Feature","id":"oria_vipe.4","geometry":{"type":"MultiPolygon","coordinates":[[[[22.5083,38.9026],[22.5078,38.9025],[22.5074,38.9024],[22.5073,38.9024],[22.5067,38.9042],[22.5065,38.9042],[22.5065,38.9042],[22.5062,38.9041],[22.5059,38.9041],[22.5059,38.9041],[22.5055,38.904],[22.5054,38.904],[22.5051,38.904],[22.505,38.9039],[22.5049,38.9039],[22.5047,38.9039],[22.5045,38.9038],[22.5044,38.9038],[22.5044,38.9038],[22.5043,38.9038],[22.504,38.9038],[22.5039,38.9038],[22.5038,38.9038],[22.5038,38.9037],[22.5038,38.9036],[22.5038,38.9036],[22.5035,38.9036],[22.5031,38.9035],[22.5028,38.9035],[22.5028,38.9035],[22.5028,38.9035],[22.5028,38.9035],[22.5025,38.9035],[22.5021,38.9034],[22.5019,38.9034],[22.5018,38.9034],[22.5018,38.9034],[22.5006,38.9031],[22.4993,38.9028],[22.4986,38.9027],[22.4984,38.9027],[22.4981,38.9026],[22.4981,38.9026],[22.498,38.9026],[22.498,38.9026],[22.4971,38.9024],[22.497,38.9025],[22.4969,38.9025],[22.4968,38.9026],[22.4967,38.9026],[22.4967,38.9027],[22.4966,38.9028],[22.4965,38.9028],[22.4965,38.9029],[22.4964,38.9031],[22.4964,38.9031],[22.4964,38.9032],[22.4964,38.9033],[22.4963,38.9036],[22.4963,38.9036],[22.4962,38.9038],[22.4962,38.9039],[22.4961,38.9041],[22.4961,38.9044],[22.4961,38.9044],[22.496,38.9046],[22.496,38.9048],[22.496,38.9048],[22.4959,38.9049],[22.4959,38.9051],[22.4958,38.9053],[22.4958,38.9055],[22.4958,38.9056],[22.4957,38.9057],[22.4957,38.9059],[22.4957,38.9059],[22.4956,38.9061],[22.4956,38.9063],[22.4956,38.9064],[22.4955,38.9065],[22.4955,38.9068],[22.4954,38.907],[22.4954,38.9071],[22.4954,38.9072],[22.4953,38.9073],[22.4953,38.9075],[22.4953,38.9076],[22.4952,38.9078],[22.4952,38.9078],[22.4952,38.9079],[22.4952,38.9079],[22.4951,38.9082],[22.4951,38.9082],[22.4951,38.9083],[22.495,38.9085],[22.495,38.9086],[22.495,38.9087],[22.495,38.9087],[22.4949,38.9089],[22.4949,38.9089],[22.4949,38.9091],[22.4948,38.9093],[22.4949,38.9093],[22.4951,38.9094],[22.4953,38.9094],[22.4957,38.9095],[22.4991,38.9101],[22.4995,38.9102],[22.4995,38.9102],[22.4996,38.9102],[22.5023,38.9107],[22.5024,38.9107],[22.5025,38.9108],[22.5025,38.9108],[22.5031,38.9109],[22.5035,38.911],[22.5037,38.911],[22.5039,38.911],[22.5049,38.9112],[22.5059,38.9114],[22.5074,38.9117],[22.5085,38.912],[22.5101,38.9122],[22.5106,38.9123],[22.5109,38.9124],[22.5114,38.9125],[22.5116,38.9125],[22.5119,38.9126],[22.5125,38.9127],[22.5131,38.9128],[22.5137,38.9129],[22.5144,38.913],[22.515,38.9132],[22.5156,38.9133],[22.5156,38.9133],[22.5157,38.9132],[22.5158,38.9131],[22.5158,38.913],[22.5159,38.913],[22.516,38.9129],[22.5161,38.9128],[22.5163,38.9126],[22.5164,38.9125],[22.5166,38.9122],[22.5168,38.9119],[22.5168,38.9118],[22.517,38.9116],[22.5171,38.9114],[22.5171,38.9114],[22.5172,38.9113],[22.5172,38.9112],[22.5172,38.9112],[22.5172,38.9112],[22.5172,38.9112],[22.5172,38.9111],[22.5171,38.9108],[22.5171,38.9108],[22.5171,38.9107],[22.517,38.9107],[22.5171,38.9105],[22.5171,38.9104],[22.5171,38.9103],[22.5172,38.9102],[22.5172,38.91],[22.5172,38.91],[22.5173,38.9099],[22.5173,38.9098],[22.5174,38.9097],[22.5174,38.9096],[22.5174,38.9095],[22.5174,38.9094],[22.5174,38.9093],[22.5174,38.9091],[22.5174,38.9091],[22.5174,38.909],[22.5174,38.909],[22.5174,38.9089],[22.5174,38.9086],[22.5174,38.9086],[22.5174,38.9086],[22.5174,38.9086],[22.5174,38.9084],[22.5174,38.9083],[22.5175,38.9082],[22.5175,38.9081],[22.5175,38.908],[22.5175,38.908],[22.5176,38.9079],[22.5176,38.9078],[22.5176,38.9077],[22.5176,38.9076],[22.5176,38.9075],[22.5176,38.9075],[22.5176,38.9074],[22.5176,38.9073],[22.5176,38.9072],[22.5176,38.9071],[22.5176,38.907],[22.5176,38.907],[22.5176,38.9069],[22.5177,38.9067],[22.5177,38.9067],[22.5177,38.9066],[22.5178,38.9064],[22.5178,38.9063],[22.5179,38.9062],[22.5179,38.9062],[22.5176,38.9062],[22.517,38.9061],[22.5165,38.906],[22.516,38.9059],[22.5157,38.9058],[22.5155,38.9058],[22.515,38.9057],[22.5145,38.9056],[22.514,38.9055],[22.5135,38.9054],[22.513,38.9054],[22.5125,38.9053],[22.5124,38.9053],[22.512,38.9052],[22.5119,38.9052],[22.5117,38.9052],[22.5115,38.9051],[22.5114,38.9051],[22.5114,38.9051],[22.511,38.905],[22.5109,38.905],[22.5105,38.9049],[22.5104,38.9049],[22.5102,38.9049],[22.5102,38.9049],[22.51,38.9048],[22.51,38.9048],[22.5099,38.9048],[22.5099,38.9048],[22.5099,38.9048],[22.5104,38.903],[22.5099,38.9029],[22.5094,38.9028],[22.5088,38.9027],[22.5083,38.9026]]]]},"geometry_name":"the_geom","properties":{"TAG":"ΒΙ.ΠΕ. ΛΑΜΙΑΣ","COMMENTS":"","AREA_KM2":1.57601}},{"type":"Feature","id":"oria_vipe.5","geometry":{"type":"MultiPolygon","coordinates":[[[[22.0332,39.4045],[22.0334,39.4044],[22.0356,39.4039],[22.0351,39.4027],[22.0375,39.4021],[22.0375,39.4019],[22.0376,39.4019],[22.0404,39.4013],[22.0399,39.4008],[22.0397,39.4007],[22.0396,39.4007],[22.0394,39.4006],[22.0381,39.4005],[22.0379,39.4005],[22.0377,39.4003],[22.0375,39.4001],[22.0375,39.3999],[22.0376,39.3996],[22.0378,39.3993],[22.0377,39.3992],[22.0373,39.399],[22.0365,39.3989],[22.0364,39.3989],[22.0362,39.3989],[22.0357,39.3987],[22.0353,39.3984],[22.0351,39.3982],[22.0309,39.3975],[22.0307,39.3975],[22.0281,39.3971],[22.0286,39.3983],[22.0288,39.3989],[22.0296,39.4013],[22.0295,39.4013],[22.0289,39.4015],[22.0294,39.4027],[22.0296,39.4026],[22.0298,39.403],[22.0292,39.4032],[22.0289,39.4033],[22.0288,39.4033],[22.0287,39.4034],[22.0286,39.4033],[22.0286,39.4032],[22.0282,39.4033],[22.028,39.4034],[22.0279,39.4033],[22.0275,39.4034],[22.0258,39.4039],[22.0254,39.404],[22.0261,39.4057],[22.0262,39.406],[22.0262,39.4062],[22.0263,39.4064],[22.0264,39.4065],[22.0264,39.4066],[22.0265,39.407],[22.0266,39.4072],[22.0267,39.4073],[22.0267,39.4076],[22.029,39.4071],[22.0291,39.407],[22.0292,39.407],[22.0293,39.4072],[22.0308,39.4068],[22.0314,39.4067],[22.0309,39.4054],[22.0308,39.4051],[22.0308,39.405],[22.0332,39.4045]]]]},"geometry_name":"the_geom","properties":{"TAG":"ΒΙ.ΠΕ. ΚΑΡΔΙΤΣΑΣ","COMMENTS":"","AREA_KM2":0.667003}},{"type":"Feature","id":"oria_vipe.17","geometry":{"type":"MultiPolygon","coordinates":[[[[22.0419,37.0551],[22.0414,37.0551],[22.0411,37.055],[22.0409,37.0554],[22.0405,37.0565],[22.0402,37.0573],[22.0398,37.0584],[22.0394,37.0592],[22.0395,37.0592],[22.0397,37.0592],[22.0402,37.0593],[22.0405,37.0593],[22.0408,37.0593],[22.041,37.0594],[22.0422,37.0595],[22.0423,37.0596],[22.0427,37.0596],[22.043,37.0597],[22.0433,37.0597],[22.044,37.0598],[22.0442,37.0598],[22.0448,37.0599],[22.0454,37.06],[22.0465,37.0601],[22.048,37.0603],[22.0485,37.0604],[22.0486,37.0604],[22.0489,37.0605],[22.0491,37.0604],[22.0495,37.0604],[22.0497,37.0603],[22.051,37.06],[22.0514,37.06],[22.0515,37.06],[22.0518,37.0599],[22.052,37.0599],[22.0521,37.0599],[22.0521,37.0599],[22.0522,37.0598],[22.0523,37.0598],[22.0526,37.0596],[22.053,37.0594],[22.0535,37.059],[22.0536,37.0589],[22.0411,37.0573],[22.0412,37.0569],[22.0413,37.0567],[22.0414,37.0565],[22.0414,37.0565],[22.0414,37.0564],[22.0417,37.0564],[22.0417,37.0561],[22.0418,37.0558],[22.0419,37.0553],[22.0419,37.0551]]]]},"geometry_name":"the_geom","properties":{"TAG":"ΒΙ.ΠΕ. ΚΑΛΑΜΑΤΑΣ Α' (ΣΠΕΡΧΟΓΕΙΑ)","COMMENTS":"","AREA_KM2":0.269728}},{"type":"Feature","id":"oria_vipe.6","geometry":{"type":"MultiPolygon","coordinates":[[[[22.42,37.5178],[22.42,37.5177],[22.4199,37.5176],[22.4199,37.5176],[22.4199,37.5175],[22.4198,37.5175],[22.4199,37.5174],[22.42,37.5173],[22.42,37.5173],[22.42,37.5173],[22.4199,37.5171],[22.4198,37.5169],[22.4198,37.5168],[22.4199,37.5168],[22.4199,37.5168],[22.4199,37.5165],[22.4199,37.5165],[22.4201,37.5163],[22.4202,37.5162],[22.4203,37.5161],[22.4204,37.516],[22.4204,37.516],[22.4204,37.5159],[22.4205,37.5159],[22.4205,37.5158],[22.4204,37.5156],[22.4204,37.5156],[22.4204,37.5154],[22.4204,37.5153],[22.4205,37.5152],[22.4206,37.5151],[22.4206,37.515],[22.4207,37.5148],[22.4208,37.5146],[22.4209,37.5144],[22.421,37.5143],[22.421,37.514],[22.421,37.5139],[22.421,37.5137],[22.4211,37.5136],[22.4211,37.5135],[22.4212,37.5135],[22.4213,37.5135],[22.4213,37.5134],[22.4213,37.5133],[22.4212,37.5132],[22.4213,37.5131],[22.4214,37.513],[22.4214,37.513],[22.4215,37.5129],[22.4215,37.5129],[22.4213,37.5128],[22.4212,37.5127],[22.4212,37.5125],[22.4212,37.5124],[22.4212,37.5124],[22.4212,37.5123],[22.421,37.5123],[22.421,37.5122],[22.421,37.5121],[22.421,37.512],[22.4211,37.5119],[22.4212,37.5118],[22.4212,37.5118],[22.421,37.5117],[22.421,37.5116],[22.4209,37.5115],[22.4208,37.5115],[22.4207,37.5115],[22.4207,37.5114],[22.4207,37.5114],[22.4207,37.5113],[22.4209,37.5112],[22.4209,37.5111],[22.421,37.5108],[22.4211,37.5107],[22.4211,37.5107],[22.4211,37.5107],[22.4211,37.5107],[22.4211,37.5106],[22.421,37.5106],[22.421,37.5106],[22.4209,37.5106],[22.4208,37.5105],[22.4208,37.5105],[22.4206,37.5104],[22.4206,37.5104],[22.4205,37.5103],[22.4204,37.5103],[22.4203,37.5102],[22.4203,37.5102],[22.4202,37.5101],[22.42,37.5099],[22.4199,37.5098],[22.4199,37.5096],[22.4198,37.5096],[22.4196,37.5094],[22.4195,37.5094],[22.4194,37.5093],[22.4193,37.5093],[22.4192,37.5091],[22.419,37.5091],[22.4188,37.509],[22.4187,37.509],[22.4185,37.5089],[22.4184,37.5089],[22.418,37.5089],[22.4177,37.5089],[22.4176,37.5089],[22.4175,37.5089],[22.4171,37.5089],[22.4168,37.5089],[22.4165,37.5087],[22.4156,37.5084],[22.4154,37.5083],[22.4152,37.5082],[22.4151,37.5082],[22.415,37.5082],[22.4147,37.5082],[22.4146,37.5082],[22.4145,37.5082],[22.4145,37.5083],[22.4144,37.5083],[22.4143,37.5082],[22.4141,37.5082],[22.4141,37.5082],[22.4139,37.5082],[22.4136,37.5082],[22.4133,37.5082],[22.4133,37.5082],[22.4132,37.5082],[22.4131,37.5082],[22.4124,37.5078],[22.4121,37.5075],[22.412,37.5074],[22.4114,37.507],[22.4108,37.5068],[22.4105,37.5067],[22.4101,37.5066],[22.41,37.5065],[22.4098,37.5065],[22.4096,37.5064],[22.4094,37.5064],[22.4093,37.5063],[22.4091,37.5063],[22.4091,37.5063],[22.409,37.5063],[22.4089,37.5063],[22.4088,37.5063],[22.4087,37.5063],[22.4087,37.5064],[22.4086,37.5064],[22.4085,37.5064],[22.4084,37.5065],[22.4081,37.5064],[22.408,37.5064],[22.4078,37.5064],[22.4078,37.5064],[22.4075,37.5063],[22.4075,37.5063],[22.4073,37.5062],[22.4071,37.5061],[22.4069,37.5061],[22.4067,37.506],[22.4067,37.506],[22.4066,37.506],[22.4066,37.5059],[22.4066,37.5059],[22.4065,37.506],[22.4064,37.5061],[22.4063,37.5061],[22.4061,37.506],[22.4061,37.506],[22.406,37.5061],[22.4059,37.5062],[22.4058,37.5062],[22.4057,37.5062],[22.4057,37.5062],[22.4055,37.5063],[22.4054,37.5063],[22.4052,37.5063],[22.4048,37.5062],[22.4047,37.5062],[22.4046,37.5061],[22.4046,37.506],[22.4045,37.506],[22.4044,37.506],[22.4042,37.5059],[22.404,37.5059],[22.4039,37.5059],[22.4038,37.5058],[22.4034,37.5055],[22.4032,37.5054],[22.4027,37.5052],[22.4026,37.5052],[22.4024,37.5052],[22.4024,37.5052],[22.4023,37.5052],[22.4022,37.5051],[22.4022,37.5052],[22.4019,37.5059],[22.4029,37.5089],[22.403,37.5089],[22.4037,37.5105],[22.4038,37.5109],[22.4039,37.511],[22.4042,37.5119],[22.4044,37.5121],[22.4044,37.5123],[22.4044,37.5123],[22.4045,37.5126],[22.4045,37.5126],[22.4046,37.5129],[22.4048,37.5133],[22.4049,37.5135],[22.405,37.5137],[22.4051,37.514],[22.4052,37.5143],[22.4054,37.5147],[22.4055,37.5151],[22.4056,37.5153],[22.4057,37.5154],[22.4059,37.516],[22.406,37.5163],[22.4061,37.5165],[22.4061,37.5166],[22.4062,37.5167],[22.4063,37.517],[22.4064,37.5171],[22.4065,37.5172],[22.407,37.5172],[22.4073,37.5172],[22.408,37.5172],[22.4092,37.5173],[22.4092,37.5173],[22.4106,37.5173],[22.4111,37.5174],[22.4123,37.5174],[22.4134,37.5175],[22.4142,37.5175],[22.4144,37.5175],[22.4147,37.5175],[22.415,37.5175],[22.4153,37.5176],[22.4163,37.5176],[22.42,37.5178]]]]},"geometry_name":"the_geom","properties":{"TAG":"ΒΙ.ΠΕ. ΤΡΙΠΟΛΗΣ","COMMENTS":"","AREA_KM2":1.61012}},{"type":"Feature","id":"oria_vipe.7","geometry":{"type":"MultiPolygon","coordinates":[[[[26.5197,41.476],[26.5194,41.4761],[26.5192,41.4761],[26.5187,41.476],[26.5183,41.476],[26.5181,41.4759],[26.5177,41.4758],[26.5169,41.4758],[26.5167,41.4758],[26.5164,41.4759],[26.516,41.476],[26.5157,41.4761],[26.5151,41.4761],[26.515,41.4762],[26.515,41.4762],[26.515,41.4764],[26.5151,41.4765],[26.5151,41.4768],[26.5153,41.4776],[26.5151,41.4777],[26.5144,41.4779],[26.5149,41.4792],[26.515,41.4793],[26.5155,41.48],[26.5157,41.4808],[26.5157,41.4809],[26.516,41.4819],[26.5162,41.4824],[26.5173,41.4818],[26.5175,41.4816],[26.5176,41.4814],[26.5178,41.4813],[26.5179,41.4811],[26.5185,41.4805],[26.5186,41.4804],[26.5194,41.4803],[26.5197,41.4802],[26.5199,41.4801],[26.52,41.4801],[26.5203,41.4799],[26.5204,41.4797],[26.5207,41.4796],[26.5208,41.4794],[26.521,41.4795],[26.5211,41.4793],[26.5212,41.4792],[26.5216,41.4793],[26.5239,41.4785],[26.5244,41.4783],[26.5245,41.4781],[26.525,41.4781],[26.526,41.4782],[26.5267,41.4781],[26.5269,41.4781],[26.5269,41.4779],[26.5269,41.4778],[26.5269,41.4777],[26.527,41.4776],[26.5272,41.4771],[26.5273,41.477],[26.5274,41.4768],[26.5274,41.4767],[26.5275,41.4766],[26.5275,41.4765],[26.5275,41.4763],[26.5275,41.476],[26.5274,41.4758],[26.5274,41.4757],[26.5274,41.4756],[26.5273,41.4752],[26.5273,41.4751],[26.5272,41.4747],[26.5272,41.4747],[26.5272,41.4744],[26.5271,41.4744],[26.5271,41.4744],[26.527,41.4744],[26.5268,41.4744],[26.5266,41.4745],[26.5264,41.4746],[26.5262,41.4746],[26.526,41.4746],[26.5256,41.4747],[26.5249,41.4748],[26.5246,41.4749],[26.5244,41.4749],[26.5239,41.475],[26.5238,41.4751],[26.5236,41.4752],[26.5234,41.4755],[26.5233,41.4754],[26.5231,41.4755],[26.523,41.4755],[26.523,41.4755],[26.5228,41.4756],[26.5228,41.4755],[26.5227,41.4755],[26.5224,41.4755],[26.5219,41.4756],[26.5214,41.4758],[26.5212,41.4758],[26.521,41.4759],[26.5207,41.476],[26.5205,41.476],[26.5202,41.4759],[26.52,41.476],[26.5197,41.476]]]]},"geometry_name":"the_geom","properties":{"TAG":"ΒΙ.ΠΕ. ΟΡΕΣΤΙΑΔΑΣ","COMMENTS":"","AREA_KM2":0.470437}},{"type":"Feature","id":"oria_vipe.8","geometry":{"type":"MultiPolygon","coordinates":[[[[23.5974,37.9785],[23.5966,37.9792],[23.5958,37.9801],[23.5958,37.9802],[23.5957,37.9803],[23.5955,37.9805],[23.5951,37.981],[23.5947,37.9815],[23.5941,37.9822],[23.594,37.9823],[23.594,37.9823],[23.5941,37.9824],[23.5943,37.9826],[23.5946,37.9828],[23.5948,37.983],[23.595,37.9832],[23.595,37.9832],[23.5953,37.9835],[23.5955,37.9835],[23.5958,37.9836],[23.5961,37.9836],[23.5967,37.9836],[23.597,37.9836],[23.5977,37.9835],[23.5978,37.9838],[23.5979,37.9838],[23.598,37.9845],[23.5992,37.9837],[23.5985,37.9831],[23.6002,37.9817],[23.6002,37.9814],[23.6005,37.9804],[23.5974,37.9785]]]]},"geometry_name":"the_geom","properties":{"TAG":"ΒΙ.ΠΑ. ΣΧΙΣΤΟΥ","COMMENTS":"","AREA_KM2":0.205071}},{"type":"Feature","id":"oria_vipe.9","geometry":{"type":"MultiPolygon","coordinates":[[[[22.8827,39.3667],[22.8827,39.3668],[22.8826,39.3668],[22.8824,39.3668],[22.8822,39.3669],[22.882,39.3669],[22.8817,39.367],[22.8813,39.3669],[22.8808,39.3669],[22.8806,39.3668],[22.8806,39.3668],[22.8805,39.3668],[22.8804,39.3668],[22.8803,39.3668],[22.8803,39.3668],[22.8802,39.3667],[22.8801,39.3667],[22.8798,39.3666],[22.8797,39.3666],[22.8791,39.3665],[22.8785,39.3663],[22.8783,39.3663],[22.8781,39.3663],[22.8776,39.3663],[22.8771,39.3664],[22.8769,39.3664],[22.8766,39.3666],[22.8763,39.3666],[22.8761,39.3666],[22.8758,39.3663],[22.8756,39.3662],[22.8752,39.3661],[22.8746,39.3663],[22.8738,39.3666],[22.8734,39.3666],[22.8732,39.3666],[22.873,39.3666],[22.8729,39.3666],[22.8727,39.3666],[22.8727,39.3665],[22.8726,39.3665],[22.8725,39.3665],[22.8725,39.3665],[22.8724,39.3665],[22.8724,39.3665],[22.8723,39.3665],[22.8722,39.3664],[22.8721,39.3664],[22.872,39.3664],[22.8719,39.3663],[22.8719,39.3663],[22.8718,39.3661],[22.8718,39.3661],[22.8718,39.3661],[22.8717,39.366],[22.8717,39.366],[22.8715,39.3659],[22.8715,39.3659],[22.8715,39.3659],[22.8715,39.3659],[22.8714,39.3658],[22.8713,39.3658],[22.8713,39.3657],[22.8712,39.3657],[22.8709,39.3658],[22.8706,39.3659],[22.8706,39.366],[22.8706,39.366],[22.8705,39.366],[22.8705,39.366],[22.8705,39.3661],[22.8704,39.3661],[22.8702,39.3661],[22.8702,39.3661],[22.8701,39.3661],[22.87,39.3661],[22.8698,39.3661],[22.8697,39.3661],[22.8696,39.3661],[22.8695,39.3661],[22.8693,39.3661],[22.8693,39.3661],[22.8693,39.3661],[22.8691,39.3661],[22.869,39.3662],[22.869,39.3662],[22.869,39.3662],[22.869,39.3663],[22.8689,39.3663],[22.8685,39.3666],[22.8683,39.3666],[22.8683,39.3667],[22.8682,39.3667],[22.8678,39.3667],[22.8678,39.3667],[22.8676,39.3668],[22.8676,39.3668],[22.8675,39.3668],[22.8674,39.3668],[22.8673,39.3668],[22.8672,39.3668],[22.867,39.3668],[22.8669,39.3668],[22.8668,39.3668],[22.8668,39.3668],[22.8665,39.3668],[22.8663,39.3669],[22.8662,39.3669],[22.8657,39.367],[22.8656,39.3671],[22.8654,39.3672],[22.8651,39.3674],[22.865,39.3675],[22.865,39.3675],[22.8647,39.3678],[22.8646,39.3678],[22.8644,39.3679],[22.8642,39.3679],[22.8642,39.3681],[22.8641,39.3681],[22.8641,39.3681],[22.8639,39.3682],[22.864,39.3684],[22.864,39.3685],[22.864,39.3686],[22.864,39.3688],[22.8642,39.3686],[22.8643,39.3688],[22.8643,39.3688],[22.8643,39.3689],[22.8643,39.369],[22.8643,39.3692],[22.8643,39.3692],[22.8642,39.3693],[22.8643,39.3694],[22.8644,39.3695],[22.8646,39.3696],[22.8646,39.3698],[22.8646,39.3701],[22.8646,39.3703],[22.8646,39.3705],[22.8646,39.3706],[22.8646,39.3706],[22.8647,39.3708],[22.8647,39.3709],[22.8649,39.371],[22.865,39.3712],[22.8652,39.3714],[22.8653,39.3715],[22.8655,39.3716],[22.8656,39.3717],[22.8658,39.3719],[22.866,39.372],[22.8662,39.3721],[22.8664,39.3722],[22.8665,39.3725],[22.8666,39.3726],[22.8667,39.3726],[22.8679,39.3732],[22.8682,39.3733],[22.8683,39.3735],[22.8685,39.3736],[22.8686,39.3736],[22.8689,39.3738],[22.8697,39.3743],[22.8704,39.3747],[22.8708,39.3751],[22.8711,39.3753],[22.8714,39.3759],[22.8717,39.376],[22.8717,39.376],[22.8717,39.376],[22.8719,39.3764],[22.872,39.3765],[22.8721,39.3767],[22.8722,39.3769],[22.8724,39.3772],[22.8725,39.3775],[22.8727,39.3777],[22.8728,39.3779],[22.8728,39.378],[22.8728,39.378],[22.8728,39.378],[22.8729,39.378],[22.8729,39.378],[22.873,39.378],[22.873,39.378],[22.873,39.378],[22.8732,39.3786],[22.8732,39.3787],[22.8732,39.3789],[22.8729,39.379],[22.8729,39.379],[22.8729,39.3791],[22.873,39.3791],[22.8729,39.3791],[22.8732,39.3795],[22.8732,39.3795],[22.8732,39.3796],[22.8731,39.3796],[22.873,39.3796],[22.873,39.3797],[22.8728,39.3798],[22.8727,39.3798],[22.8727,39.3799],[22.8728,39.3799],[22.873,39.3799],[22.8731,39.3799],[22.8733,39.3798],[22.8737,39.3797],[22.874,39.3797],[22.8742,39.3796],[22.8745,39.3795],[22.8748,39.3794],[22.8751,39.3793],[22.8752,39.3792],[22.8754,39.3792],[22.8758,39.379],[22.8758,39.379],[22.8761,39.3789],[22.8765,39.3788],[22.8767,39.3787],[22.8769,39.3787],[22.8772,39.3786],[22.8775,39.3785],[22.8777,39.3785],[22.878,39.3785],[22.8782,39.3785],[22.8783,39.3785],[22.8784,39.3786],[22.879,39.3787],[22.8799,39.379],[22.8801,39.379],[22.8803,39.3791],[22.8805,39.3791],[22.8806,39.3791],[22.8808,39.3791],[22.8811,39.3791],[22.8811,39.3791],[22.8811,39.3791],[22.8814,39.3791],[22.8814,39.3791],[22.8815,39.3791],[22.8817,39.379],[22.8818,39.379],[22.8819,39.3789],[22.8819,39.3789],[22.8819,39.3789],[22.8821,39.3789],[22.8823,39.3788],[22.8825,39.3787],[22.8827,39.3787],[22.8828,39.3786],[22.883,39.3786],[22.8831,39.3785],[22.8831,39.3785],[22.8835,39.3784],[22.8836,39.3784],[22.8838,39.3784],[22.8839,39.3783],[22.884,39.3783],[22.8842,39.3782],[22.8844,39.3781],[22.8846,39.3781],[22.8846,39.3781],[22.8853,39.3778],[22.8854,39.3778],[22.8855,39.3777],[22.8857,39.3777],[22.8858,39.3777],[22.8858,39.3776],[22.8859,39.3776],[22.8862,39.3775],[22.8863,39.3775],[22.8865,39.3774],[22.8865,39.3773],[22.8865,39.3773],[22.8866,39.3772],[22.8867,39.3772],[22.8868,39.3771],[22.887,39.3769],[22.887,39.3769],[22.8871,39.3768],[22.8871,39.3768],[22.8871,39.3768],[22.8873,39.3765],[22.8874,39.3763],[22.8875,39.3761],[22.8877,39.3759],[22.8878,39.3759],[22.8881,39.3758],[22.8883,39.3758],[22.8885,39.3758],[22.8887,39.376],[22.8888,39.3761],[22.889,39.3763],[22.8891,39.3765],[22.8891,39.3765],[22.8892,39.3766],[22.8893,39.3768],[22.8893,39.3768],[22.8894,39.3769],[22.8896,39.3772],[22.8897,39.3773],[22.8899,39.3775],[22.8901,39.3778],[22.8902,39.3779],[22.8903,39.378],[22.8903,39.378],[22.8906,39.3781],[22.8908,39.3781],[22.8909,39.378],[22.8909,39.3779],[22.8908,39.3777],[22.8908,39.3776],[22.8908,39.3774],[22.8907,39.3773],[22.8907,39.3771],[22.8907,39.3771],[22.8906,39.3771],[22.8906,39.377],[22.8906,39.3768],[22.8906,39.3767],[22.8906,39.3766],[22.8906,39.3766],[22.8905,39.3765],[22.8905,39.3764],[22.8905,39.3763],[22.8905,39.3763],[22.8904,39.3761],[22.8904,39.3761],[22.8904,39.376],[22.8904,39.3759],[22.8905,39.3757],[22.8906,39.3756],[22.8906,39.3755],[22.8904,39.3754],[22.8903,39.3753],[22.8899,39.3753],[22.8897,39.3738],[22.8897,39.3738],[22.8897,39.3738],[22.8896,39.3737],[22.8896,39.3736],[22.8895,39.3736],[22.8895,39.3736],[22.8895,39.3736],[22.8894,39.3735],[22.8902,39.3733],[22.8905,39.3732],[22.8908,39.3731],[22.8911,39.3731],[22.8912,39.373],[22.8913,39.373],[22.8913,39.373],[22.8914,39.373],[22.8916,39.3729],[22.8919,39.3729],[22.8921,39.3728],[22.8923,39.3727],[22.8927,39.3727],[22.893,39.3727],[22.8931,39.3727],[22.8931,39.3727],[22.8932,39.3727],[22.8936,39.3727],[22.8936,39.3727],[22.8936,39.3727],[22.8936,39.3727],[22.8938,39.3727],[22.8942,39.3728],[22.8943,39.3728],[22.8945,39.3728],[22.8947,39.3727],[22.8948,39.3727],[22.8949,39.3727],[22.8952,39.3727],[22.8953,39.3727],[22.8955,39.3726],[22.8958,39.3725],[22.896,39.3725],[22.8962,39.3724],[22.8964,39.3724],[22.8965,39.3723],[22.8965,39.3723],[22.8965,39.3723],[22.8963,39.372],[22.8962,39.3718],[22.8961,39.3715],[22.896,39.3714],[22.8959,39.3713],[22.8958,39.3712],[22.8958,39.3712],[22.8957,39.3711],[22.8955,39.3709],[22.8953,39.3708],[22.8953,39.3707],[22.895,39.3705],[22.8948,39.3704],[22.8947,39.3703],[22.8945,39.3701],[22.8945,39.3701],[22.8944,39.37],[22.8944,39.37],[22.8943,39.3699],[22.8942,39.3698],[22.8941,39.3698],[22.894,39.3697],[22.8939,39.3696],[22.8938,39.3695],[22.8938,39.3694],[22.8937,39.3694],[22.8936,39.3693],[22.8935,39.3692],[22.8934,39.3691],[22.8934,39.3691],[22.8933,39.3689],[22.8932,39.3687],[22.8931,39.3685],[22.893,39.3684],[22.893,39.3683],[22.8929,39.3682],[22.8929,39.3681],[22.8928,39.368],[22.8928,39.3678],[22.8927,39.3678],[22.8927,39.3676],[22.8926,39.3674],[22.8925,39.3673],[22.8925,39.3673],[22.8925,39.3672],[22.8924,39.3672],[22.8924,39.3672],[22.8924,39.367],[22.8923,39.367],[22.8921,39.3669],[22.8919,39.3668],[22.8917,39.3668],[22.8916,39.3668],[22.8916,39.3668],[22.8914,39.3668],[22.8911,39.3667],[22.8909,39.3667],[22.8909,39.3667],[22.8907,39.3667],[22.8906,39.3667],[22.8905,39.3667],[22.8903,39.3666],[22.8903,39.3666],[22.8902,39.3666],[22.8901,39.3666],[22.8898,39.3665],[22.8897,39.3665],[22.8895,39.3665],[22.8893,39.3664],[22.8889,39.3664],[22.8888,39.3664],[22.8888,39.3664],[22.8885,39.3663],[22.8884,39.3663],[22.8883,39.3663],[22.8882,39.3662],[22.8881,39.3662],[22.8879,39.3662],[22.8879,39.3662],[22.8876,39.3662],[22.8874,39.3661],[22.8872,39.3661],[22.8871,39.3661],[22.887,39.3661],[22.8865,39.3661],[22.8864,39.3661],[22.8862,39.3662],[22.8862,39.3662],[22.886,39.3662],[22.8858,39.3662],[22.8858,39.3662],[22.8857,39.3662],[22.8853,39.3663],[22.8851,39.3663],[22.885,39.3663],[22.8848,39.3664],[22.8848,39.3664],[22.8843,39.3665],[22.8841,39.3665],[22.8838,39.3666],[22.8837,39.3666],[22.8832,39.3667],[22.8827,39.3667]]]]},"geometry_name":"the_geom","properties":{"TAG":"Α' Ε.Π. ΒΟΛΟΥ","COMMENTS":"","AREA_KM2":2.78391}},{"type":"Feature","id":"oria_vipe.30","geometry":{"type":"MultiPolygon","coordinates":[[[[21.7926,40.3623],[21.7917,40.3634],[21.7917,40.3634],[21.79,40.3653],[21.7899,40.3654],[21.7896,40.3657],[21.7896,40.3657],[21.7898,40.3656],[21.79,40.3656],[21.7902,40.3656],[21.7904,40.3656],[21.7905,40.3656],[21.7907,40.3655],[21.7908,40.3655],[21.7911,40.3655],[21.7913,40.3655],[21.7915,40.3655],[21.7917,40.3656],[21.7918,40.3656],[21.792,40.3656],[21.792,40.3657],[21.7921,40.3659],[21.7921,40.3659],[21.7922,40.3659],[21.7925,40.3659],[21.7926,40.366],[21.7927,40.366],[21.7929,40.3661],[21.793,40.3662],[21.7932,40.3663],[21.7934,40.3664],[21.7936,40.3665],[21.7938,40.3665],[21.7939,40.3666],[21.7941,40.3666],[21.7943,40.3667],[21.7943,40.3667],[21.7945,40.3668],[21.7948,40.3669],[21.795,40.3669],[21.7952,40.3669],[21.7954,40.367],[21.7955,40.367],[21.7956,40.367],[21.7959,40.367],[21.796,40.367],[21.7962,40.3669],[21.7964,40.3669],[21.7966,40.3669],[21.7971,40.3667],[21.7973,40.3667],[21.7975,40.3667],[21.7976,40.3667],[21.7977,40.3667],[21.7979,40.3666],[21.798,40.3666],[21.7982,40.3667],[21.7983,40.3663],[21.7984,40.3661],[21.7985,40.3659],[21.7989,40.3659],[21.7995,40.366],[21.7996,40.3656],[21.7996,40.3655],[21.7998,40.365],[21.8003,40.3651],[21.8003,40.3649],[21.8004,40.3649],[21.8004,40.3646],[21.8005,40.3645],[21.8002,40.3644],[21.7999,40.3641],[21.8,40.3641],[21.8001,40.364],[21.8001,40.364],[21.8001,40.364],[21.8004,40.3632],[21.7997,40.3631],[21.7994,40.363],[21.7994,40.363],[21.7994,40.3628],[21.7996,40.3624],[21.8001,40.3625],[21.8001,40.3625],[21.8002,40.3623],[21.8002,40.3623],[21.8002,40.3622],[21.8002,40.3622],[21.8002,40.3622],[21.8003,40.3618],[21.8003,40.3617],[21.8003,40.3617],[21.7996,40.3616],[21.7997,40.361],[21.7996,40.361],[21.7998,40.3606],[21.8,40.3608],[21.8,40.3603],[21.8002,40.3599],[21.8002,40.3598],[21.8003,40.3596],[21.8003,40.3596],[21.8004,40.3594],[21.8004,40.3593],[21.8005,40.3591],[21.8006,40.3589],[21.8006,40.3589],[21.8007,40.3588],[21.8009,40.3586],[21.8009,40.3585],[21.801,40.3584],[21.801,40.3584],[21.801,40.3582],[21.8014,40.3576],[21.802,40.3567],[21.802,40.3566],[21.8015,40.355],[21.8009,40.3532],[21.8008,40.3533],[21.7997,40.3545],[21.7997,40.3546],[21.798,40.3565],[21.7979,40.3566],[21.7956,40.3591],[21.7955,40.3592],[21.7951,40.3596],[21.7943,40.3606],[21.7942,40.3606],[21.7928,40.3622],[21.7926,40.3623]]]]},"geometry_name":"the_geom","properties":{"TAG":"ΒΙ.ΠΕ. ΚΟΖΑΝΗΣ","COMMENTS":"","AREA_KM2":0.689829}},{"type":"Feature","id":"oria_vipe.10","geometry":{"type":"MultiPolygon","coordinates":[[[[24.59,40.9826],[24.5901,40.9825],[24.5919,40.9832],[24.5924,40.9834],[24.5927,40.9836],[24.5931,40.9837],[24.5929,40.9839],[24.5929,40.9839],[24.5936,40.9843],[24.5937,40.9841],[24.5939,40.9839],[24.5941,40.9838],[24.5941,40.9837],[24.5943,40.9837],[24.5948,40.9839],[24.5951,40.9843],[24.5953,40.9843],[24.5958,40.984],[24.5962,40.9839],[24.5965,40.9839],[24.5967,40.9838],[24.5973,40.9842],[24.5977,40.9844],[24.5983,40.9846],[24.5989,40.9848],[24.5992,40.9849],[24.5999,40.985],[24.6001,40.9851],[24.6001,40.9851],[24.6002,40.9851],[24.6003,40.9851],[24.6003,40.9851],[24.6004,40.9851],[24.6007,40.9851],[24.6007,40.9851],[24.6014,40.9851],[24.6014,40.9851],[24.602,40.9851],[24.602,40.9851],[24.6025,40.9851],[24.6026,40.9851],[24.603,40.9851],[24.6031,40.9851],[24.6031,40.9851],[24.6031,40.9851],[24.6034,40.9852],[24.6035,40.9852],[24.6035,40.9852],[24.6041,40.9852],[24.6041,40.9852],[24.6047,40.9853],[24.6047,40.9853],[24.605,40.9854],[24.6052,40.9854],[24.6055,40.9855],[24.6057,40.9856],[24.6059,40.9856],[24.606,40.9857],[24.6061,40.9857],[24.6062,40.9857],[24.6063,40.9857],[24.6064,40.9857],[24.6065,40.9857],[24.6067,40.9857],[24.6071,40.9858],[24.6072,40.9858],[24.6074,40.9859],[24.6074,40.9859],[24.6075,40.9859],[24.6075,40.9859],[24.6076,40.9859],[24.6077,40.9859],[24.6078,40.9859],[24.6082,40.986],[24.6084,40.9861],[24.6088,40.9861],[24.6089,40.9859],[24.6091,40.9858],[24.6094,40.9856],[24.6095,40.9856],[24.6096,40.9854],[24.6097,40.9853],[24.6099,40.9851],[24.6099,40.9851],[24.6101,40.9848],[24.6102,40.9847],[24.6103,40.9845],[24.6105,40.9842],[24.6106,40.9839],[24.6108,40.9837],[24.6109,40.9835],[24.6109,40.9835],[24.611,40.9833],[24.6111,40.9831],[24.6112,40.9829],[24.6112,40.9828],[24.6113,40.9826],[24.6114,40.9825],[24.6115,40.9823],[24.6117,40.9822],[24.612,40.9819],[24.6121,40.9818],[24.6123,40.9814],[24.6124,40.9812],[24.6124,40.9811],[24.6125,40.9809],[24.6126,40.9807],[24.6126,40.9805],[24.6127,40.9803],[24.6128,40.9799],[24.6129,40.9798],[24.6129,40.9798],[24.6129,40.9797],[24.6129,40.9794],[24.613,40.9794],[24.6128,40.9794],[24.6095,40.9786],[24.6093,40.9785],[24.6092,40.9785],[24.6079,40.9782],[24.6038,40.9772],[24.6031,40.977],[24.6028,40.977],[24.6025,40.9769],[24.6014,40.9767],[24.6006,40.9765],[24.6003,40.9764],[24.5999,40.9763],[24.5996,40.9762],[24.5992,40.9761],[24.5985,40.9759],[24.598,40.9758],[24.5972,40.9756],[24.5967,40.9754],[24.5961,40.9751],[24.5956,40.9748],[24.5948,40.9744],[24.5927,40.973],[24.5916,40.9724],[24.5909,40.972],[24.5906,40.9719],[24.59,40.9716],[24.5897,40.9714],[24.5894,40.9714],[24.5894,40.9714],[24.5893,40.9716],[24.5893,40.9717],[24.5893,40.9717],[24.5893,40.9718],[24.5892,40.9719],[24.589,40.9722],[24.5889,40.9723],[24.5886,40.9728],[24.5882,40.9734],[24.5881,40.9735],[24.588,40.9737],[24.5878,40.9739],[24.5876,40.9742],[24.5874,40.9745],[24.5871,40.975],[24.587,40.9751],[24.5867,40.9754],[24.5866,40.9756],[24.5865,40.9757],[24.5864,40.9757],[24.5863,40.9758],[24.5862,40.9759],[24.5862,40.976],[24.5861,40.9762],[24.5861,40.9763],[24.586,40.9765],[24.5859,40.9768],[24.5858,40.977],[24.5858,40.9771],[24.5857,40.9772],[24.5857,40.9773],[24.5856,40.9774],[24.5856,40.9775],[24.5855,40.9777],[24.5855,40.978],[24.5855,40.9784],[24.5855,40.9786],[24.5852,40.9791],[24.5853,40.9791],[24.5855,40.9791],[24.5856,40.9791],[24.5858,40.9792],[24.5859,40.9792],[24.5862,40.9794],[24.5862,40.9794],[24.5865,40.9797],[24.5867,40.9799],[24.5868,40.98],[24.587,40.9803],[24.5872,40.9805],[24.5873,40.9807],[24.5874,40.981],[24.5874,40.981],[24.5877,40.9811],[24.5879,40.9815],[24.5883,40.9819],[24.5894,40.9822],[24.59,40.9826]]]]},"geometry_name":"the_geom","properties":{"TAG":"ΒΙ.ΠΕ. ΚΑΒΑΛΑΣ","COMMENTS":"","AREA_KM2":2.03411}},{"type":"Feature","id":"oria_vipe.11","geometry":{"type":"MultiPolygon","coordinates":[[[[25.9398,40.9269],[25.94,40.9274],[25.9407,40.9285],[25.9409,40.929],[25.941,40.929],[25.941,40.9291],[25.941,40.9294],[25.941,40.9298],[25.941,40.9298],[25.941,40.93],[25.9415,40.9306],[25.9418,40.9309],[25.942,40.9312],[25.942,40.9312],[25.9422,40.9315],[25.9427,40.932],[25.9428,40.932],[25.9429,40.9319],[25.9428,40.9317],[25.9436,40.9314],[25.9441,40.9312],[25.945,40.9318],[25.9454,40.9314],[25.9459,40.931],[25.9461,40.9312],[25.9465,40.9308],[25.9469,40.9305],[25.9475,40.93],[25.9473,40.9299],[25.9479,40.9297],[25.948,40.9296],[25.9485,40.9292],[25.9485,40.9292],[25.9486,40.9291],[25.9493,40.9286],[25.9499,40.9281],[25.9504,40.9276],[25.951,40.9272],[25.9516,40.9267],[25.9517,40.9266],[25.9398,40.9182],[25.939,40.9176],[25.9394,40.9173],[25.9388,40.9169],[25.9385,40.917],[25.9384,40.9171],[25.9382,40.9172],[25.9381,40.9172],[25.9379,40.9173],[25.9378,40.9174],[25.9376,40.9174],[25.9374,40.9176],[25.9373,40.9176],[25.9372,40.9177],[25.9368,40.918],[25.9368,40.918],[25.9367,40.9181],[25.9366,40.9183],[25.9366,40.9184],[25.9365,40.9185],[25.9365,40.9186],[25.9364,40.9187],[25.9364,40.9188],[25.9363,40.919],[25.9362,40.9192],[25.9361,40.9194],[25.9361,40.9196],[25.9361,40.9196],[25.936,40.9198],[25.9359,40.92],[25.9359,40.92],[25.9359,40.9201],[25.9359,40.9201],[25.9357,40.9203],[25.9357,40.9204],[25.9357,40.9204],[25.9356,40.9205],[25.9355,40.9206],[25.9354,40.9207],[25.9353,40.9207],[25.9352,40.9208],[25.9352,40.9208],[25.9352,40.9208],[25.9351,40.9209],[25.935,40.921],[25.935,40.921],[25.9348,40.9211],[25.9346,40.9212],[25.9349,40.9214],[25.9353,40.9216],[25.9357,40.922],[25.9361,40.9221],[25.9368,40.9225],[25.937,40.9225],[25.937,40.9225],[25.9371,40.9225],[25.9377,40.9228],[25.938,40.9229],[25.9386,40.9233],[25.9387,40.9235],[25.9391,40.9237],[25.9392,40.924],[25.9389,40.9249],[25.939,40.925],[25.9391,40.9251],[25.9394,40.9254],[25.9396,40.9262],[25.9398,40.9269]]]]},"geometry_name":"the_geom","properties":{"TAG":"ΒΙ.ΠΕ. ΑΛΕΞΑΝΔΡΟΥΠΟΛΗΣ","COMMENTS":"","AREA_KM2":1.0393}},{"type":"Feature","id":"oria_vipe.12","geometry":{"type":"MultiPolygon","coordinates":[[[[24.859,41.1052],[24.8591,41.1051],[24.8592,41.1051],[24.8594,41.1047],[24.8597,41.1042],[24.86,41.1038],[24.8601,41.1036],[24.8603,41.1033],[24.8607,41.1015],[24.8608,41.1014],[24.861,41.1013],[24.8611,41.1012],[24.8612,41.1012],[24.8612,41.1013],[24.8614,41.1012],[24.8608,41.1006],[24.8607,41.1005],[24.8605,41.1003],[24.8603,41.1001],[24.8602,41.1],[24.86,41.0998],[24.8598,41.0995],[24.8595,41.0993],[24.8594,41.0992],[24.8593,41.0991],[24.8592,41.099],[24.8587,41.0985],[24.8585,41.0983],[24.8583,41.0981],[24.8583,41.0981],[24.8581,41.0979],[24.8576,41.0975],[24.857,41.0968],[24.857,41.0968],[24.8568,41.0966],[24.8566,41.0965],[24.8564,41.0963],[24.8561,41.096],[24.856,41.0959],[24.8558,41.0956],[24.8555,41.0954],[24.8554,41.0953],[24.8553,41.0953],[24.8551,41.0951],[24.855,41.095],[24.8549,41.0949],[24.8547,41.0949],[24.8545,41.0947],[24.8542,41.0946],[24.8537,41.0943],[24.8532,41.094],[24.8522,41.0935],[24.8518,41.0932],[24.8515,41.0931],[24.8513,41.093],[24.8508,41.0927],[24.85,41.0923],[24.8489,41.0943],[24.8477,41.0964],[24.8465,41.0985],[24.8453,41.1005],[24.8441,41.1026],[24.8447,41.1029],[24.8458,41.1046],[24.848,41.1081],[24.8487,41.1084],[24.8489,41.1085],[24.8492,41.1086],[24.8495,41.1088],[24.8498,41.1089],[24.85,41.109],[24.8503,41.1091],[24.8504,41.1092],[24.8515,41.1097],[24.8515,41.1095],[24.8516,41.1093],[24.8516,41.1092],[24.8517,41.109],[24.8517,41.1087],[24.8518,41.1085],[24.8518,41.1081],[24.8518,41.1078],[24.8519,41.1075],[24.8519,41.1072],[24.8519,41.1069],[24.8519,41.1068],[24.8519,41.1067],[24.8519,41.1063],[24.852,41.106],[24.8523,41.106],[24.8524,41.106],[24.8525,41.106],[24.8528,41.1061],[24.8529,41.1061],[24.8534,41.1061],[24.8535,41.1059],[24.8535,41.1059],[24.8535,41.1058],[24.8536,41.1058],[24.8537,41.1059],[24.8537,41.1059],[24.8538,41.106],[24.8541,41.1061],[24.8542,41.1061],[24.8548,41.1064],[24.8549,41.1065],[24.8551,41.1066],[24.8552,41.1066],[24.8553,41.1067],[24.8553,41.1067],[24.8555,41.1068],[24.8556,41.1068],[24.8559,41.1069],[24.856,41.107],[24.8562,41.1071],[24.8563,41.1072],[24.8565,41.1072],[24.8566,41.1073],[24.8567,41.1073],[24.8567,41.1073],[24.8568,41.1074],[24.8568,41.1074],[24.8569,41.1074],[24.8571,41.1076],[24.8574,41.1077],[24.8574,41.1077],[24.8575,41.1077],[24.8576,41.1076],[24.8579,41.1071],[24.858,41.107],[24.8582,41.1066],[24.8586,41.1061],[24.8587,41.1058],[24.8589,41.1055],[24.859,41.1052]]]]},"geometry_name":"the_geom","properties":{"TAG":"ΒΙ.ΠΕ. ΞΑΝΘΗΣ","COMMENTS":"","AREA_KM2":1.56644}},{"type":"Feature","id":"oria_vipe.14","geometry":{"type":"MultiPolygon","coordinates":[[[[20.7512,39.7109],[20.7514,39.7109],[20.7514,39.7109],[20.7517,39.7108],[20.7518,39.7107],[20.7518,39.7107],[20.7518,39.7107],[20.7522,39.7106],[20.7522,39.7106],[20.7525,39.7105],[20.7525,39.7104],[20.7525,39.7104],[20.7526,39.7104],[20.753,39.7103],[20.7532,39.7102],[20.7535,39.7101],[20.7535,39.7101],[20.7541,39.7099],[20.7541,39.7099],[20.7541,39.7098],[20.7542,39.7098],[20.7542,39.7097],[20.7544,39.7096],[20.7545,39.7095],[20.7546,39.7094],[20.7548,39.7091],[20.7549,39.709],[20.7551,39.7087],[20.7554,39.7084],[20.7559,39.7079],[20.756,39.7077],[20.756,39.7077],[20.7562,39.7075],[20.7569,39.7067],[20.7573,39.7063],[20.7577,39.7058],[20.7583,39.7052],[20.7584,39.7051],[20.7585,39.7049],[20.7587,39.7048],[20.7587,39.7047],[20.7591,39.7043],[20.7594,39.704],[20.7594,39.7039],[20.7594,39.7039],[20.7595,39.7039],[20.7595,39.7038],[20.7595,39.7038],[20.7596,39.7037],[20.7596,39.7037],[20.7597,39.7031],[20.7597,39.703],[20.7597,39.7029],[20.7598,39.7024],[20.7598,39.7024],[20.7599,39.7023],[20.7599,39.7022],[20.7599,39.702],[20.7599,39.7019],[20.76,39.7015],[20.76,39.7015],[20.7601,39.7011],[20.7601,39.7011],[20.7602,39.7006],[20.7602,39.7006],[20.7602,39.7005],[20.7603,39.7003],[20.7603,39.7002],[20.7601,39.7002],[20.7599,39.7002],[20.7598,39.7002],[20.7593,39.7002],[20.7593,39.7002],[20.7593,39.7002],[20.7589,39.7002],[20.7586,39.7001],[20.7586,39.7001],[20.7584,39.7001],[20.7584,39.7001],[20.7579,39.7001],[20.7578,39.7001],[20.7578,39.7001],[20.7577,39.7001],[20.7576,39.7001],[20.7576,39.7001],[20.7575,39.7001],[20.7574,39.7001],[20.7574,39.7001],[20.7573,39.7001],[20.7572,39.7001],[20.757,39.7],[20.7566,39.7],[20.7565,39.7],[20.7561,39.7],[20.7561,39.7],[20.7551,39.6999],[20.7544,39.6999],[20.7535,39.6998],[20.7531,39.6998],[20.7531,39.6998],[20.7525,39.6998],[20.7525,39.6998],[20.7524,39.6998],[20.7515,39.6997],[20.7506,39.6997],[20.7505,39.6997],[20.7504,39.6997],[20.7501,39.6996],[20.75,39.6996],[20.7499,39.6996],[20.7497,39.6996],[20.7496,39.6996],[20.7495,39.6996],[20.7495,39.6996],[20.7494,39.6996],[20.7479,39.6995],[20.7478,39.6995],[20.7476,39.6995],[20.7475,39.6995],[20.7466,39.6994],[20.7465,39.6994],[20.7452,39.6993],[20.7451,39.6993],[20.7447,39.6993],[20.7445,39.6996],[20.7444,39.6997],[20.7442,39.6999],[20.7442,39.7],[20.7441,39.7],[20.7439,39.7003],[20.7439,39.7003],[20.7436,39.7006],[20.7436,39.7007],[20.7433,39.701],[20.7432,39.7011],[20.7427,39.7016],[20.7427,39.7017],[20.7426,39.7018],[20.7426,39.7018],[20.7417,39.7028],[20.7417,39.7029],[20.7413,39.7033],[20.7413,39.7033],[20.7413,39.7034],[20.7412,39.7034],[20.7412,39.7034],[20.7412,39.7034],[20.7412,39.7035],[20.7411,39.7035],[20.7411,39.7035],[20.7411,39.7035],[20.7411,39.7036],[20.741,39.7037],[20.741,39.7037],[20.7409,39.7038],[20.7407,39.704],[20.7406,39.7041],[20.7403,39.7049],[20.7403,39.7049],[20.74,39.7055],[20.74,39.7055],[20.7399,39.7058],[20.7398,39.7059],[20.7397,39.7062],[20.7397,39.7062],[20.7396,39.7065],[20.7396,39.7065],[20.7396,39.7065],[20.7395,39.7067],[20.7394,39.7068],[20.7394,39.7068],[20.7394,39.7068],[20.7394,39.7069],[20.7393,39.7071],[20.7393,39.7071],[20.7392,39.7074],[20.7391,39.7075],[20.739,39.7078],[20.7389,39.7081],[20.7388,39.7082],[20.7388,39.7082],[20.7386,39.7087],[20.7385,39.7089],[20.7384,39.7092],[20.7381,39.7098],[20.7381,39.7098],[20.7381,39.7099],[20.7381,39.7099],[20.738,39.7101],[20.738,39.7101],[20.7379,39.7104],[20.7379,39.7104],[20.7377,39.7107],[20.7382,39.7111],[20.7384,39.7112],[20.7387,39.7115],[20.7388,39.7115],[20.7399,39.7123],[20.7399,39.7124],[20.74,39.7124],[20.7401,39.7124],[20.7401,39.7125],[20.7406,39.7128],[20.7406,39.7129],[20.7409,39.7131],[20.741,39.7131],[20.7412,39.7133],[20.7413,39.7134],[20.7414,39.7134],[20.7414,39.7134],[20.7414,39.7135],[20.7417,39.7137],[20.7418,39.7137],[20.7418,39.7138],[20.7419,39.7138],[20.742,39.7139],[20.742,39.7139],[20.742,39.7139],[20.742,39.7139],[20.7421,39.7139],[20.7421,39.714],[20.7422,39.714],[20.7424,39.7142],[20.7424,39.7142],[20.7425,39.7142],[20.7425,39.7142],[20.7426,39.7142],[20.743,39.714],[20.743,39.714],[20.743,39.714],[20.7435,39.7138],[20.7435,39.7138],[20.7438,39.7137],[20.7439,39.7137],[20.744,39.7136],[20.7441,39.7136],[20.7444,39.7135],[20.7446,39.7134],[20.745,39.7132],[20.7452,39.7132],[20.7454,39.7131],[20.7461,39.7129],[20.7462,39.7128],[20.7464,39.7127],[20.7468,39.7126],[20.7469,39.7125],[20.7473,39.7124],[20.7473,39.7124],[20.7475,39.7123],[20.7483,39.712],[20.7483,39.712],[20.7483,39.712],[20.7483,39.712],[20.7484,39.712],[20.7485,39.712],[20.7493,39.7117],[20.7493,39.7116],[20.7494,39.7116],[20.75,39.7114],[20.7501,39.7114],[20.7504,39.7112],[20.7504,39.7112],[20.7507,39.7111],[20.7508,39.7111],[20.751,39.711],[20.751,39.711],[20.7511,39.711],[20.7512,39.7109]]]]},"geometry_name":"the_geom","properties":{"TAG":"ΒΙ.ΠΕ. ΙΩΑΝΝΙΝΩΝ","COMMENTS":"","AREA_KM2":2.02879}},{"type":"Feature","id":"oria_vipe.23","geometry":{"type":"MultiPolygon","coordinates":[[[[23.4693,41.1103],[23.4693,41.1103],[23.4697,41.11],[23.47,41.1098],[23.4703,41.1095],[23.4706,41.1092],[23.471,41.1088],[23.4712,41.1086],[23.4716,41.1083],[23.472,41.1079],[23.472,41.1079],[23.4721,41.1078],[23.4721,41.1078],[23.4721,41.1078],[23.4722,41.1077],[23.4723,41.1076],[23.4724,41.1076],[23.473,41.107],[23.4735,41.1066],[23.4737,41.1065],[23.474,41.1062],[23.4741,41.1062],[23.4745,41.1059],[23.4751,41.1055],[23.4756,41.1052],[23.4756,41.1051],[23.476,41.1049],[23.4761,41.1049],[23.4767,41.1045],[23.4775,41.104],[23.4774,41.104],[23.4774,41.104],[23.4773,41.1039],[23.4772,41.1038],[23.4771,41.1038],[23.4767,41.1035],[23.4765,41.1034],[23.4765,41.1034],[23.4763,41.1033],[23.4758,41.103],[23.4754,41.1027],[23.475,41.1025],[23.4748,41.1024],[23.4748,41.1024],[23.4748,41.1023],[23.4748,41.1023],[23.4745,41.1022],[23.4733,41.1014],[23.4731,41.1013],[23.4729,41.1012],[23.4726,41.101],[23.4719,41.1006],[23.4718,41.1005],[23.4702,41.0995],[23.47,41.0994],[23.4697,41.0992],[23.4677,41.0979],[23.4675,41.0981],[23.4673,41.0983],[23.4669,41.0987],[23.4646,41.1007],[23.4643,41.101],[23.4642,41.1011],[23.4641,41.1012],[23.4641,41.1012],[23.4638,41.1015],[23.4636,41.1017],[23.4634,41.1018],[23.4632,41.1021],[23.463,41.1022],[23.4632,41.1024],[23.4632,41.1024],[23.4634,41.1027],[23.4635,41.1028],[23.4636,41.1029],[23.4636,41.1029],[23.4636,41.103],[23.4634,41.1031],[23.4634,41.1032],[23.4634,41.1034],[23.4634,41.1034],[23.4634,41.1035],[23.4635,41.1036],[23.4635,41.1038],[23.4635,41.1039],[23.4635,41.104],[23.4634,41.1043],[23.4633,41.1045],[23.4633,41.1047],[23.4632,41.105],[23.4631,41.1052],[23.463,41.1055],[23.4629,41.1057],[23.4629,41.1057],[23.4629,41.1058],[23.4628,41.1058],[23.4628,41.1059],[23.4628,41.106],[23.4627,41.1061],[23.4626,41.1063],[23.4626,41.1065],[23.4624,41.1069],[23.4622,41.1073],[23.4621,41.1077],[23.462,41.108],[23.4618,41.1084],[23.4617,41.1087],[23.4616,41.109],[23.4615,41.1093],[23.4613,41.1096],[23.4612,41.1099],[23.4611,41.1101],[23.4611,41.1102],[23.4611,41.1102],[23.461,41.1104],[23.461,41.1104],[23.4609,41.1106],[23.4609,41.1106],[23.4607,41.1108],[23.4607,41.1109],[23.4606,41.1111],[23.4604,41.1117],[23.4603,41.1119],[23.4602,41.1123],[23.4601,41.1125],[23.4601,41.1127],[23.46,41.1128],[23.4599,41.1132],[23.4598,41.1134],[23.4597,41.1137],[23.4596,41.1139],[23.4594,41.1143],[23.4594,41.1144],[23.4594,41.1146],[23.4594,41.1152],[23.4595,41.1155],[23.4595,41.1155],[23.4596,41.1157],[23.4598,41.1159],[23.4598,41.1159],[23.4599,41.116],[23.4599,41.1161],[23.4603,41.1157],[23.4605,41.1156],[23.4606,41.1155],[23.4607,41.1154],[23.4608,41.1154],[23.461,41.1152],[23.4612,41.1151],[23.4615,41.1149],[23.4619,41.1147],[23.462,41.1146],[23.4621,41.1146],[23.4622,41.1145],[23.4625,41.1143],[23.4629,41.1142],[23.4629,41.1142],[23.4629,41.1142],[23.4631,41.114],[23.464,41.1137],[23.4644,41.1134],[23.4648,41.1132],[23.4653,41.113],[23.4653,41.113],[23.4657,41.1129],[23.4661,41.1127],[23.4665,41.1124],[23.467,41.1122],[23.4673,41.112],[23.4673,41.1119],[23.4676,41.1117],[23.468,41.1115],[23.4684,41.1112],[23.4687,41.1109],[23.4688,41.1108],[23.4689,41.1107],[23.469,41.1106],[23.4693,41.1103]]]]},"geometry_name":"the_geom","properties":{"TAG":"ΒΙ.ΠΕ. ΣΕΡΡΩΝ","COMMENTS":"","AREA_KM2":1.33324}},{"type":"Feature","id":"oria_vipe.15","geometry":{"type":"MultiPolygon","coordinates":[[[[21.5219,40.8229],[21.5221,40.8226],[21.5221,40.8226],[21.5223,40.8224],[21.5224,40.8223],[21.5225,40.8222],[21.5227,40.822],[21.5228,40.8218],[21.523,40.8215],[21.5232,40.8214],[21.5236,40.8209],[21.5238,40.8207],[21.5239,40.8206],[21.5239,40.8205],[21.5243,40.8201],[21.5244,40.82],[21.5245,40.8198],[21.5247,40.8197],[21.5247,40.8196],[21.525,40.8192],[21.525,40.8191],[21.5251,40.819],[21.5252,40.8188],[21.5253,40.8187],[21.5254,40.8185],[21.5254,40.8185],[21.5255,40.8183],[21.5257,40.8181],[21.5257,40.818],[21.526,40.8176],[21.5264,40.8171],[21.5263,40.8171],[21.5263,40.8171],[21.5262,40.8171],[21.5261,40.817],[21.5261,40.817],[21.526,40.817],[21.5259,40.817],[21.5259,40.8169],[21.5258,40.8169],[21.5257,40.8169],[21.5256,40.8169],[21.5256,40.8168],[21.5255,40.8168],[21.5254,40.8168],[21.5253,40.8168],[21.5252,40.8167],[21.5251,40.8167],[21.525,40.8167],[21.5248,40.8167],[21.5247,40.8167],[21.5247,40.8167],[21.5247,40.8166],[21.5247,40.8166],[21.5246,40.8166],[21.5244,40.8166],[21.5243,40.8166],[21.5243,40.8166],[21.5242,40.8166],[21.524,40.8167],[21.5239,40.8167],[21.5237,40.8168],[21.5236,40.8169],[21.5235,40.8169],[21.5232,40.8169],[21.5229,40.817],[21.5227,40.817],[21.5225,40.8169],[21.5224,40.8169],[21.5224,40.8169],[21.5223,40.8169],[21.5223,40.8169],[21.5223,40.8168],[21.5223,40.8168],[21.5222,40.8168],[21.5222,40.8168],[21.5222,40.8168],[21.5221,40.8167],[21.5221,40.8167],[21.5221,40.8166],[21.5221,40.8166],[21.522,40.8165],[21.5221,40.8165],[21.5221,40.8165],[21.5221,40.8164],[21.5221,40.8164],[21.5221,40.8163],[21.5221,40.8163],[21.5221,40.8163],[21.522,40.8163],[21.522,40.8162],[21.5219,40.8162],[21.5218,40.8161],[21.5218,40.8161],[21.5217,40.816],[21.5216,40.816],[21.5215,40.816],[21.5214,40.816],[21.5213,40.816],[21.5213,40.816],[21.5213,40.816],[21.5212,40.816],[21.5211,40.8161],[21.521,40.8161],[21.5209,40.8162],[21.5209,40.8162],[21.5209,40.8163],[21.5209,40.8163],[21.5209,40.8163],[21.5209,40.8164],[21.5209,40.8164],[21.5208,40.8165],[21.5208,40.8166],[21.5207,40.8166],[21.5207,40.8166],[21.5206,40.8166],[21.5206,40.8166],[21.5205,40.8166],[21.5204,40.8166],[21.5204,40.8166],[21.5203,40.8166],[21.5203,40.8166],[21.5202,40.8165],[21.5202,40.8165],[21.5201,40.8165],[21.5201,40.8164],[21.5201,40.8164],[21.52,40.8164],[21.52,40.8164],[21.5199,40.8164],[21.5198,40.8164],[21.5198,40.8164],[21.5198,40.8164],[21.5197,40.8164],[21.5196,40.8164],[21.5195,40.8163],[21.5194,40.8163],[21.5194,40.8163],[21.5193,40.8163],[21.5192,40.8163],[21.5191,40.8163],[21.5191,40.8163],[21.519,40.8164],[21.519,40.8164],[21.519,40.8164],[21.519,40.8164],[21.519,40.8165],[21.519,40.8165],[21.519,40.8166],[21.5189,40.8166],[21.5189,40.8167],[21.5189,40.8167],[21.5189,40.8167],[21.5189,40.8168],[21.5189,40.8168],[21.5188,40.8169],[21.5188,40.8169],[21.5188,40.817],[21.5188,40.8171],[21.5187,40.8171],[21.5187,40.8172],[21.5187,40.8172],[21.5187,40.8172],[21.5187,40.8173],[21.5186,40.8173],[21.5186,40.8173],[21.5186,40.8173],[21.5186,40.8174],[21.5186,40.8174],[21.5185,40.8174],[21.5185,40.8174],[21.5184,40.8173],[21.5184,40.8173],[21.5182,40.8173],[21.5181,40.8172],[21.5181,40.8172],[21.518,40.8171],[21.5179,40.8171],[21.5178,40.8171],[21.5178,40.8171],[21.5178,40.8171],[21.5177,40.8171],[21.5177,40.817],[21.5176,40.817],[21.5174,40.817],[21.5174,40.8169],[21.5172,40.8169],[21.5172,40.8169],[21.5171,40.8169],[21.5171,40.817],[21.5171,40.8171],[21.5171,40.8171],[21.5171,40.8172],[21.517,40.8172],[21.5169,40.8173],[21.5168,40.8173],[21.5167,40.8174],[21.5167,40.8174],[21.5166,40.8174],[21.5165,40.8175],[21.5165,40.8175],[21.5165,40.8175],[21.5165,40.8175],[21.5165,40.8175],[21.5164,40.8175],[21.5164,40.8176],[21.5163,40.8177],[21.5162,40.8177],[21.5161,40.8178],[21.516,40.8179],[21.516,40.818],[21.5159,40.818],[21.5158,40.818],[21.5157,40.818],[21.5157,40.818],[21.5157,40.818],[21.5156,40.818],[21.5155,40.818],[21.5155,40.8179],[21.5154,40.8178],[21.5154,40.8177],[21.5154,40.8177],[21.5154,40.8176],[21.5154,40.8176],[21.5154,40.8175],[21.5153,40.8174],[21.5152,40.8174],[21.5151,40.8173],[21.5149,40.8173],[21.5148,40.8173],[21.5148,40.8173],[21.5147,40.8174],[21.5147,40.8174],[21.5146,40.8174],[21.5146,40.8175],[21.5145,40.8176],[21.5144,40.8177],[21.5143,40.8178],[21.5142,40.8179],[21.5141,40.818],[21.514,40.818],[21.5139,40.8181],[21.5139,40.8181],[21.5139,40.8181],[21.5136,40.8181],[21.5134,40.8181],[21.5132,40.8179],[21.5131,40.8179],[21.5131,40.8179],[21.5131,40.8179],[21.5128,40.8178],[21.5124,40.8178],[21.5124,40.8179],[21.5123,40.8179],[21.5121,40.818],[21.512,40.818],[21.512,40.8181],[21.512,40.8181],[21.5119,40.8183],[21.5117,40.8186],[21.5116,40.8188],[21.5116,40.8191],[21.5116,40.8192],[21.5115,40.8196],[21.5114,40.8197],[21.5113,40.8198],[21.511,40.8203],[21.511,40.8203],[21.5109,40.8206],[21.5109,40.8206],[21.5107,40.8212],[21.5105,40.8217],[21.5104,40.822],[21.5103,40.8224],[21.5102,40.8225],[21.5101,40.8227],[21.5099,40.8229],[21.5098,40.8231],[21.5096,40.8234],[21.5094,40.8235],[21.5092,40.8237],[21.509,40.8239],[21.5089,40.824],[21.5101,40.8245],[21.5108,40.8247],[21.5112,40.8248],[21.5113,40.8248],[21.5125,40.8248],[21.5125,40.8248],[21.5126,40.8249],[21.5129,40.8253],[21.5131,40.8257],[21.5136,40.8263],[21.514,40.8269],[21.5141,40.827],[21.5142,40.8271],[21.5144,40.8274],[21.5146,40.8277],[21.5146,40.8278],[21.5147,40.828],[21.5148,40.8284],[21.515,40.8288],[21.5154,40.8294],[21.5155,40.8295],[21.5156,40.8297],[21.5158,40.83],[21.5159,40.8301],[21.5159,40.83],[21.516,40.8299],[21.5161,40.8297],[21.5164,40.8294],[21.5164,40.8294],[21.5166,40.8292],[21.5168,40.8288],[21.5169,40.8288],[21.517,40.8287],[21.5171,40.8286],[21.5173,40.8283],[21.5175,40.8281],[21.5175,40.8281],[21.5178,40.8277],[21.518,40.8275],[21.5181,40.8274],[21.5182,40.8272],[21.5183,40.8272],[21.5185,40.8269],[21.5185,40.8269],[21.5188,40.8265],[21.519,40.8262],[21.5192,40.8261],[21.5193,40.8259],[21.5194,40.8258],[21.5194,40.8258],[21.5196,40.8256],[21.5197,40.8255],[21.5198,40.8254],[21.5198,40.8253],[21.5199,40.8253],[21.5202,40.8248],[21.5207,40.8243],[21.5207,40.8242],[21.5208,40.8242],[21.521,40.8239],[21.5215,40.8234],[21.5216,40.8232],[21.5219,40.8229]]]]},"geometry_name":"the_geom","properties":{"TAG":"ΒΙ.ΠΕ. ΦΛΩΡΙΝΑΣ","COMMENTS":"","AREA_KM2":1.10401}},{"type":"Feature","id":"oria_vipe.16","geometry":{"type":"MultiPolygon","coordinates":[[[[20.7171,38.9859],[20.717,38.9861],[20.7167,38.9863],[20.7165,38.9866],[20.7164,38.9867],[20.716,38.9871],[20.716,38.9871],[20.7159,38.9872],[20.7157,38.9874],[20.7155,38.9876],[20.7155,38.9876],[20.7154,38.9877],[20.7154,38.9877],[20.7152,38.9877],[20.7151,38.9877],[20.7145,38.9884],[20.7141,38.9883],[20.7141,38.9887],[20.7139,38.9887],[20.7139,38.9888],[20.7139,38.9891],[20.7139,38.9892],[20.714,38.9893],[20.7145,38.9894],[20.7145,38.9895],[20.7146,38.9895],[20.7148,38.9897],[20.7151,38.99],[20.7154,38.9904],[20.7157,38.9909],[20.7159,38.9912],[20.716,38.9913],[20.716,38.9913],[20.7161,38.9915],[20.7161,38.9916],[20.7162,38.9918],[20.7163,38.9919],[20.7162,38.992],[20.7161,38.9921],[20.716,38.9922],[20.716,38.9924],[20.716,38.9927],[20.716,38.993],[20.7162,38.993],[20.7162,38.9931],[20.7167,38.9932],[20.7167,38.9933],[20.717,38.9933],[20.7172,38.9933],[20.7174,38.9933],[20.7174,38.9934],[20.7172,38.994],[20.7172,38.9942],[20.7172,38.9944],[20.7172,38.9945],[20.7172,38.9946],[20.7171,38.9948],[20.7171,38.995],[20.7171,38.9951],[20.7173,38.9951],[20.7174,38.9951],[20.7179,38.9951],[20.7184,38.9951],[20.7195,38.9951],[20.7211,38.9951],[20.7221,38.9951],[20.7226,38.9951],[20.7226,38.9951],[20.7234,38.9951],[20.7236,38.9951],[20.7238,38.9951],[20.7239,38.9951],[20.7241,38.9951],[20.7255,38.9951],[20.726,38.9951],[20.7261,38.9951],[20.7264,38.9951],[20.7283,38.9951],[20.729,38.9951],[20.7292,38.9951],[20.7294,38.9951],[20.7296,38.9951],[20.7298,38.9949],[20.7298,38.9949],[20.73,38.9946],[20.7303,38.9943],[20.7303,38.9943],[20.7304,38.9942],[20.7305,38.9942],[20.7305,38.9941],[20.7306,38.9939],[20.7306,38.9939],[20.7306,38.9937],[20.7306,38.9934],[20.7304,38.993],[20.7302,38.9923],[20.7302,38.9923],[20.7304,38.992],[20.7302,38.9915],[20.7308,38.9913],[20.7308,38.9899],[20.731,38.9898],[20.7312,38.9898],[20.7314,38.9896],[20.7314,38.9895],[20.7314,38.9894],[20.7317,38.9894],[20.7318,38.9894],[20.7321,38.9892],[20.7323,38.9892],[20.7324,38.9892],[20.7327,38.9891],[20.7329,38.9891],[20.7332,38.989],[20.7336,38.9889],[20.7339,38.9888],[20.7343,38.9887],[20.7341,38.988],[20.734,38.9877],[20.7339,38.9875],[20.7338,38.9872],[20.7337,38.9871],[20.7334,38.9866],[20.7329,38.9855],[20.7347,38.9855],[20.7347,38.9854],[20.7346,38.9853],[20.7345,38.9851],[20.7345,38.9851],[20.7348,38.9849],[20.7349,38.9849],[20.7352,38.9848],[20.7353,38.9847],[20.7357,38.9845],[20.7358,38.9845],[20.7359,38.9845],[20.7359,38.9844],[20.7361,38.9844],[20.7361,38.9843],[20.7364,38.9842],[20.7364,38.9841],[20.7365,38.9841],[20.7365,38.9839],[20.7367,38.9837],[20.7368,38.9836],[20.7369,38.9835],[20.7371,38.9833],[20.7371,38.9833],[20.7371,38.9832],[20.737,38.9831],[20.737,38.983],[20.737,38.983],[20.737,38.983],[20.7368,38.9829],[20.7367,38.9828],[20.7364,38.9827],[20.7366,38.9823],[20.7369,38.9818],[20.7367,38.9818],[20.7364,38.9818],[20.7362,38.9818],[20.736,38.9819],[20.736,38.9819],[20.7359,38.9819],[20.7359,38.9819],[20.7358,38.9819],[20.7354,38.982],[20.7352,38.982],[20.735,38.982],[20.7349,38.982],[20.7348,38.982],[20.7347,38.9819],[20.7342,38.9819],[20.7336,38.9819],[20.7335,38.9819],[20.7334,38.9819],[20.7332,38.9818],[20.7328,38.9817],[20.7325,38.9817],[20.7324,38.9817],[20.732,38.9816],[20.7318,38.9815],[20.7317,38.9815],[20.7317,38.9815],[20.7318,38.9814],[20.732,38.9811],[20.732,38.981],[20.7318,38.9811],[20.7316,38.9811],[20.7314,38.9811],[20.7307,38.9812],[20.7306,38.9812],[20.7303,38.9812],[20.7293,38.9812],[20.7292,38.9812],[20.7289,38.9812],[20.7288,38.9812],[20.7286,38.9812],[20.7284,38.9813],[20.7278,38.9813],[20.7277,38.9813],[20.7276,38.9812],[20.7273,38.9809],[20.7273,38.9811],[20.7271,38.9813],[20.7262,38.9815],[20.7255,38.9817],[20.7252,38.9818],[20.7247,38.9819],[20.7246,38.9819],[20.7244,38.9819],[20.7242,38.9821],[20.7239,38.9822],[20.7235,38.9824],[20.7234,38.9825],[20.7226,38.9829],[20.7218,38.9833],[20.7216,38.9834],[20.7214,38.9835],[20.7215,38.9835],[20.7206,38.9838],[20.7202,38.984],[20.7203,38.9844],[20.7203,38.9844],[20.7194,38.9851],[20.7193,38.9851],[20.7192,38.9851],[20.7185,38.985],[20.7184,38.9849],[20.7181,38.9849],[20.7178,38.9849],[20.7177,38.9853],[20.7171,38.9859]]]]},"geometry_name":"the_geom","properties":{"TAG":"ΒΙ.ΠΕ. ΠΡΕΒΕΖΑΣ","COMMENTS":"","AREA_KM2":2.02543}},{"type":"Feature","id":"oria_vipe.18","geometry":{"type":"MultiPolygon","coordinates":[[[[22.8126,39.3934],[22.8126,39.3933],[22.8126,39.3933],[22.8126,39.3932],[22.8127,39.3931],[22.813,39.3927],[22.8132,39.3926],[22.8134,39.3924],[22.8138,39.3924],[22.8139,39.3923],[22.814,39.3922],[22.8142,39.3919],[22.8144,39.3914],[22.8142,39.3913],[22.8142,39.3912],[22.814,39.3911],[22.814,39.3911],[22.8139,39.391],[22.8138,39.3909],[22.8137,39.3907],[22.8137,39.3903],[22.8137,39.3903],[22.8138,39.3898],[22.8139,39.3893],[22.8139,39.3892],[22.814,39.3892],[22.8143,39.3892],[22.8145,39.3892],[22.8145,39.3891],[22.8146,39.3891],[22.8148,39.3891],[22.8149,39.3891],[22.815,39.389],[22.8153,39.389],[22.8154,39.389],[22.8155,39.3888],[22.8155,39.3888],[22.8155,39.3884],[22.8155,39.3884],[22.8155,39.3883],[22.8156,39.3882],[22.8156,39.388],[22.8156,39.3876],[22.8156,39.3876],[22.8156,39.3875],[22.8155,39.3873],[22.8153,39.3873],[22.8152,39.3872],[22.8147,39.3871],[22.8143,39.387],[22.8141,39.3869],[22.8141,39.3869],[22.8138,39.3869],[22.8138,39.3868],[22.8138,39.3867],[22.8138,39.3866],[22.8138,39.3864],[22.8139,39.3861],[22.8136,39.386],[22.8144,39.3853],[22.8149,39.3848],[22.8153,39.3845],[22.8152,39.3845],[22.8149,39.3845],[22.8149,39.3845],[22.8142,39.3845],[22.8131,39.3845],[22.8128,39.3846],[22.8122,39.3846],[22.8119,39.3846],[22.8108,39.3847],[22.8096,39.3848],[22.8084,39.3848],[22.8073,39.3849],[22.8064,39.3849],[22.8061,39.3849],[22.805,39.3849],[22.8046,39.385],[22.8046,39.3851],[22.8046,39.3851],[22.8046,39.3851],[22.8046,39.3852],[22.8046,39.3853],[22.8046,39.3856],[22.8046,39.3858],[22.8046,39.386],[22.8046,39.386],[22.8046,39.3862],[22.8045,39.3862],[22.8045,39.3862],[22.8045,39.3862],[22.8045,39.3863],[22.8046,39.3864],[22.8047,39.3865],[22.8048,39.3866],[22.8049,39.3868],[22.805,39.3869],[22.8051,39.3871],[22.8052,39.3872],[22.8053,39.3873],[22.8053,39.3874],[22.8054,39.3874],[22.8055,39.3876],[22.8056,39.3878],[22.8057,39.3879],[22.8057,39.3879],[22.8058,39.388],[22.806,39.3882],[22.806,39.3883],[22.8061,39.3884],[22.8062,39.3885],[22.8064,39.3886],[22.8065,39.3887],[22.8066,39.3888],[22.8068,39.3889],[22.8068,39.3889],[22.8069,39.389],[22.8069,39.389],[22.8069,39.389],[22.807,39.3891],[22.8071,39.3891],[22.8071,39.3892],[22.8072,39.3892],[22.8073,39.3893],[22.8074,39.3894],[22.8075,39.3895],[22.8076,39.3896],[22.8076,39.3896],[22.8077,39.3897],[22.8078,39.3897],[22.8079,39.3898],[22.808,39.3899],[22.808,39.39],[22.808,39.3901],[22.8081,39.3902],[22.8081,39.3903],[22.8081,39.3904],[22.8081,39.3906],[22.808,39.3908],[22.808,39.3908],[22.8078,39.3909],[22.8076,39.3911],[22.8069,39.3914],[22.8067,39.3914],[22.8065,39.3916],[22.8045,39.3918],[22.8038,39.392],[22.8024,39.3922],[22.8014,39.3923],[22.8012,39.3923],[22.8012,39.3923],[22.8011,39.3923],[22.8003,39.3925],[22.7993,39.3926],[22.7986,39.3927],[22.7979,39.3928],[22.7971,39.3929],[22.7966,39.393],[22.7962,39.393],[22.7963,39.3931],[22.7965,39.3931],[22.7965,39.3931],[22.7966,39.3932],[22.7966,39.3932],[22.7966,39.3932],[22.7967,39.3932],[22.7968,39.3933],[22.797,39.3933],[22.7978,39.3935],[22.7984,39.3937],[22.7986,39.3938],[22.7991,39.394],[22.7991,39.394],[22.7995,39.3942],[22.7999,39.3944],[22.8,39.3945],[22.8004,39.3945],[22.8009,39.3945],[22.8012,39.3946],[22.8012,39.3946],[22.8012,39.3947],[22.8013,39.3953],[22.8013,39.3956],[22.8014,39.3958],[22.8017,39.396],[22.8019,39.3962],[22.8018,39.3964],[22.8017,39.3965],[22.8018,39.3966],[22.8018,39.3967],[22.8019,39.3968],[22.8019,39.3969],[22.802,39.3969],[22.802,39.3974],[22.8021,39.3975],[22.8021,39.3975],[22.8022,39.3976],[22.8023,39.3975],[22.8023,39.3976],[22.8024,39.3976],[22.8025,39.3977],[22.8027,39.3977],[22.8027,39.3978],[22.8028,39.3979],[22.8028,39.3979],[22.8027,39.3981],[22.8027,39.3982],[22.8026,39.3982],[22.8026,39.3983],[22.8027,39.3984],[22.8028,39.3985],[22.8029,39.3985],[22.8029,39.3986],[22.8029,39.3987],[22.8029,39.3988],[22.8029,39.3989],[22.803,39.399],[22.803,39.3991],[22.803,39.3993],[22.803,39.3994],[22.8035,39.3994],[22.8052,39.3995],[22.8057,39.3995],[22.8084,39.3996],[22.8085,39.3996],[22.8085,39.3996],[22.8089,39.3996],[22.8093,39.3996],[22.81,39.3997],[22.8101,39.3997],[22.8128,39.3998],[22.8175,39.4],[22.8175,39.4],[22.8175,39.3999],[22.8178,39.3993],[22.8185,39.3979],[22.8186,39.3979],[22.8181,39.3976],[22.8166,39.3965],[22.8165,39.3964],[22.8158,39.3959],[22.8155,39.3956],[22.8151,39.3954],[22.8148,39.3951],[22.8144,39.3948],[22.814,39.3945],[22.8137,39.3943],[22.8133,39.394],[22.8132,39.3939],[22.8129,39.3937],[22.8128,39.3936],[22.8126,39.3935],[22.8126,39.3934]]]]},"geometry_name":"the_geom","properties":{"TAG":"ΒΙ.ΠΕ. ΒΟΛΟΥ Β' (ΠΑΡΑΡΤΗΜΑ)","COMMENTS":"","AREA_KM2":1.65734}},{"type":"Feature","id":"oria_vipe.19","geometry":{"type":"MultiPolygon","coordinates":[[[[22.4855,39.7702],[22.4858,39.7707],[22.4861,39.7711],[22.4862,39.7713],[22.4863,39.7714],[22.4865,39.7719],[22.4866,39.772],[22.4866,39.7722],[22.4867,39.7724],[22.4871,39.7733],[22.4871,39.7734],[22.4872,39.7736],[22.4872,39.7736],[22.4873,39.7739],[22.4874,39.7741],[22.4878,39.7749],[22.4878,39.775],[22.4879,39.7752],[22.488,39.7756],[22.4884,39.7765],[22.4887,39.7771],[22.4893,39.7786],[22.4894,39.7789],[22.4895,39.7789],[22.4898,39.7788],[22.49,39.7788],[22.49,39.7788],[22.4901,39.7787],[22.4903,39.7787],[22.4927,39.7786],[22.4927,39.7784],[22.493,39.7785],[22.4933,39.7782],[22.4936,39.7781],[22.4939,39.7781],[22.494,39.778],[22.4941,39.7781],[22.4943,39.778],[22.4944,39.778],[22.4944,39.778],[22.4945,39.7781],[22.4945,39.7781],[22.4945,39.7781],[22.4945,39.7781],[22.4945,39.7783],[22.4945,39.7783],[22.4946,39.7782],[22.4946,39.7782],[22.4947,39.7782],[22.4947,39.7781],[22.4947,39.7781],[22.4947,39.7781],[22.4947,39.778],[22.4946,39.778],[22.4946,39.7779],[22.4946,39.7779],[22.4946,39.7778],[22.4946,39.7776],[22.4947,39.7773],[22.4946,39.777],[22.4946,39.7769],[22.4948,39.7766],[22.4949,39.7765],[22.4948,39.7763],[22.495,39.7761],[22.4951,39.776],[22.4952,39.7759],[22.4953,39.7761],[22.4956,39.776],[22.4958,39.7761],[22.4963,39.7757],[22.4956,39.775],[22.4958,39.7749],[22.496,39.7748],[22.496,39.7744],[22.496,39.7743],[22.4961,39.7741],[22.4961,39.774],[22.496,39.7737],[22.4955,39.7738],[22.4954,39.7738],[22.4954,39.7738],[22.4953,39.7738],[22.4952,39.7737],[22.4952,39.7737],[22.4948,39.7732],[22.4946,39.7733],[22.4942,39.7729],[22.4939,39.7725],[22.494,39.7725],[22.4941,39.7724],[22.4943,39.7724],[22.4944,39.7723],[22.4944,39.7722],[22.4946,39.7721],[22.4947,39.7719],[22.4948,39.7717],[22.4949,39.7716],[22.4951,39.7714],[22.4953,39.7712],[22.4955,39.7709],[22.4955,39.7708],[22.496,39.7706],[22.496,39.7705],[22.4964,39.7704],[22.4967,39.7707],[22.4968,39.7707],[22.4972,39.7704],[22.4971,39.7703],[22.4969,39.77],[22.4965,39.7696],[22.4966,39.7695],[22.4967,39.7695],[22.4969,39.7694],[22.4969,39.7694],[22.497,39.7693],[22.497,39.7693],[22.4971,39.7692],[22.4972,39.7692],[22.4972,39.7692],[22.4973,39.7691],[22.4973,39.7691],[22.4974,39.769],[22.4975,39.769],[22.4975,39.7689],[22.4975,39.7688],[22.4975,39.7687],[22.4974,39.7684],[22.4969,39.7685],[22.4967,39.7685],[22.4965,39.768],[22.4963,39.7677],[22.4961,39.7675],[22.4952,39.7658],[22.495,39.7655],[22.4947,39.7648],[22.4946,39.7648],[22.4944,39.7643],[22.4944,39.7643],[22.4941,39.7638],[22.4941,39.7634],[22.4941,39.7633],[22.4941,39.7632],[22.494,39.7631],[22.494,39.7628],[22.494,39.7625],[22.4941,39.7625],[22.4942,39.7624],[22.4942,39.7622],[22.4942,39.7621],[22.4942,39.762],[22.4942,39.7618],[22.4942,39.7616],[22.4942,39.7615],[22.4942,39.7614],[22.4942,39.7613],[22.495,39.76],[22.495,39.7599],[22.4951,39.7599],[22.4951,39.7598],[22.4951,39.7598],[22.4951,39.7598],[22.4951,39.7597],[22.4952,39.7597],[22.4952,39.7597],[22.4953,39.7594],[22.4952,39.7591],[22.4946,39.7573],[22.4946,39.7571],[22.4945,39.7568],[22.4942,39.7561],[22.4941,39.756],[22.4941,39.7558],[22.4939,39.7556],[22.4939,39.7556],[22.4939,39.7556],[22.4929,39.7547],[22.4928,39.7546],[22.4924,39.7543],[22.4924,39.7542],[22.4915,39.7534],[22.4914,39.7533],[22.4913,39.7533],[22.4913,39.7532],[22.491,39.7529],[22.4889,39.7535],[22.4874,39.7539],[22.4873,39.7536],[22.4865,39.7528],[22.4862,39.7529],[22.4861,39.753],[22.4861,39.753],[22.4858,39.7531],[22.4849,39.7534],[22.4849,39.7534],[22.485,39.7536],[22.4849,39.7536],[22.4831,39.7541],[22.4829,39.7542],[22.4848,39.7596],[22.4849,39.7599],[22.4848,39.7601],[22.4847,39.7603],[22.4846,39.7605],[22.4844,39.7606],[22.4842,39.7608],[22.4839,39.7609],[22.4837,39.761],[22.4832,39.7611],[22.4808,39.7613],[22.4808,39.7613],[22.4807,39.7614],[22.4806,39.7614],[22.4805,39.7615],[22.4803,39.7615],[22.4803,39.7615],[22.4801,39.7616],[22.4801,39.7616],[22.4797,39.7617],[22.4796,39.7617],[22.4796,39.7617],[22.4808,39.7638],[22.4808,39.7639],[22.4809,39.764],[22.4809,39.764],[22.4809,39.764],[22.4809,39.764],[22.4809,39.764],[22.4814,39.7649],[22.4814,39.7649],[22.4814,39.7649],[22.482,39.7648],[22.4821,39.7648],[22.4822,39.7647],[22.4841,39.7678],[22.4846,39.7686],[22.4847,39.7688],[22.4849,39.7692],[22.4851,39.7694],[22.4853,39.7698],[22.4855,39.7702]]]]},"geometry_name":"the_geom","properties":{"TAG":"ΒΙ.ΠΕ. ΛΑΡΙΣΑΣ","COMMENTS":"","AREA_KM2":2.46207}},{"type":"Feature","id":"oria_vipe.20","geometry":{"type":"MultiPolygon","coordinates":[[[[25.486,41.0681],[25.486,41.0681],[25.486,41.0682],[25.486,41.0682],[25.486,41.069],[25.486,41.0691],[25.486,41.0692],[25.486,41.0694],[25.486,41.07],[25.486,41.0702],[25.486,41.0713],[25.486,41.0717],[25.486,41.0719],[25.4859,41.0721],[25.4859,41.0721],[25.4859,41.0723],[25.4859,41.0729],[25.4859,41.0731],[25.4859,41.0732],[25.4859,41.0735],[25.4859,41.0736],[25.4859,41.0743],[25.4859,41.075],[25.4859,41.075],[25.4859,41.075],[25.4859,41.0751],[25.4859,41.0753],[25.4859,41.0757],[25.4859,41.0761],[25.4859,41.0764],[25.4859,41.0768],[25.4867,41.0768],[25.4868,41.0768],[25.4868,41.0768],[25.4871,41.0768],[25.4875,41.0768],[25.4882,41.0769],[25.4887,41.0769],[25.4893,41.0769],[25.49,41.0769],[25.4905,41.077],[25.4912,41.077],[25.4913,41.077],[25.4913,41.077],[25.492,41.077],[25.4925,41.0771],[25.493,41.0771],[25.4931,41.0771],[25.4936,41.0771],[25.4937,41.0771],[25.4937,41.0771],[25.4941,41.0771],[25.4942,41.0771],[25.4944,41.0771],[25.4949,41.0772],[25.4949,41.0772],[25.4949,41.0772],[25.4955,41.0772],[25.4955,41.0772],[25.4961,41.0772],[25.4961,41.0772],[25.4963,41.0772],[25.4969,41.0773],[25.4975,41.0773],[25.4975,41.0773],[25.4987,41.0774],[25.499,41.0774],[25.4991,41.0774],[25.4995,41.0774],[25.4999,41.0774],[25.5,41.0774],[25.5004,41.0774],[25.5005,41.0774],[25.5005,41.0774],[25.501,41.0775],[25.5015,41.0775],[25.502,41.0775],[25.5024,41.0775],[25.503,41.0776],[25.5035,41.0776],[25.5041,41.0776],[25.5047,41.0777],[25.5053,41.0777],[25.5057,41.0777],[25.5059,41.0777],[25.5061,41.0777],[25.5067,41.0778],[25.5073,41.0778],[25.5081,41.0778],[25.5084,41.0779],[25.5086,41.0779],[25.5091,41.0779],[25.5096,41.0779],[25.5101,41.0779],[25.5101,41.0779],[25.5105,41.078],[25.5106,41.078],[25.5107,41.0779],[25.5108,41.0779],[25.5112,41.078],[25.5112,41.078],[25.5123,41.0781],[25.5126,41.0782],[25.513,41.0783],[25.5128,41.0781],[25.5127,41.078],[25.5126,41.0779],[25.5125,41.0777],[25.5125,41.0776],[25.5125,41.0775],[25.5124,41.0774],[25.5124,41.0772],[25.5123,41.077],[25.5124,41.0769],[25.5124,41.0768],[25.5125,41.0767],[25.5125,41.0762],[25.5123,41.076],[25.5123,41.0759],[25.5121,41.0758],[25.512,41.0756],[25.5119,41.0756],[25.5119,41.0755],[25.5119,41.0754],[25.5118,41.0752],[25.5119,41.0747],[25.5118,41.0744],[25.5117,41.0742],[25.5116,41.074],[25.5116,41.0738],[25.5116,41.0738],[25.5115,41.0733],[25.5114,41.0733],[25.5114,41.0732],[25.5114,41.0731],[25.5113,41.0729],[25.5113,41.0728],[25.5114,41.0727],[25.5115,41.0724],[25.5116,41.0722],[25.5117,41.0721],[25.5118,41.0721],[25.5119,41.072],[25.512,41.072],[25.5124,41.0719],[25.5126,41.0717],[25.5127,41.0713],[25.5127,41.0713],[25.5128,41.0712],[25.5129,41.071],[25.513,41.0709],[25.513,41.0708],[25.513,41.0708],[25.513,41.0707],[25.513,41.0705],[25.5131,41.0701],[25.5131,41.0699],[25.5131,41.0698],[25.5131,41.0697],[25.5132,41.0694],[25.5132,41.0691],[25.5132,41.0691],[25.5132,41.0691],[25.5132,41.069],[25.5132,41.069],[25.5133,41.0689],[25.5133,41.0688],[25.5133,41.0688],[25.5133,41.0687],[25.5133,41.0683],[25.5133,41.0683],[25.5134,41.0679],[25.5134,41.0676],[25.5134,41.0675],[25.5134,41.0673],[25.5134,41.0672],[25.5134,41.0671],[25.5135,41.0669],[25.5135,41.0667],[25.5135,41.0665],[25.5135,41.0664],[25.5136,41.0662],[25.5136,41.066],[25.5136,41.0658],[25.5136,41.0658],[25.5136,41.0656],[25.5135,41.0655],[25.5134,41.0653],[25.5134,41.0652],[25.5132,41.065],[25.5131,41.065],[25.5128,41.0647],[25.5125,41.0646],[25.5122,41.0645],[25.5121,41.0644],[25.5118,41.0643],[25.5118,41.0643],[25.5116,41.0642],[25.5114,41.0641],[25.5113,41.064],[25.5112,41.064],[25.5111,41.0639],[25.511,41.0638],[25.5109,41.0637],[25.5107,41.0636],[25.5107,41.0636],[25.5107,41.0635],[25.5106,41.0634],[25.5105,41.0634],[25.5103,41.0631],[25.5102,41.0629],[25.5102,41.0628],[25.5101,41.0628],[25.5101,41.0627],[25.51,41.0626],[25.51,41.0624],[25.51,41.0623],[25.5099,41.0621],[25.5099,41.062],[25.5099,41.062],[25.5098,41.0618],[25.5097,41.0616],[25.5095,41.0614],[25.5094,41.0613],[25.5093,41.0613],[25.5092,41.0612],[25.5089,41.061],[25.5088,41.0609],[25.5087,41.0608],[25.5086,41.0608],[25.5084,41.0605],[25.5084,41.0605],[25.5082,41.0605],[25.508,41.0605],[25.5076,41.0606],[25.5069,41.0608],[25.5066,41.0608],[25.5064,41.0608],[25.506,41.0608],[25.5056,41.0608],[25.5052,41.0608],[25.5049,41.0608],[25.5046,41.0608],[25.5044,41.0608],[25.5042,41.0606],[25.5035,41.0603],[25.503,41.06],[25.5028,41.0599],[25.5023,41.0597],[25.502,41.0595],[25.5017,41.0593],[25.5013,41.0591],[25.5009,41.0589],[25.5004,41.0587],[25.5003,41.0586],[25.5,41.0585],[25.4997,41.0583],[25.4996,41.0583],[25.499,41.0581],[25.4988,41.058],[25.4987,41.058],[25.4983,41.058],[25.4982,41.058],[25.4979,41.0581],[25.4977,41.0581],[25.4975,41.0582],[25.4972,41.0583],[25.4972,41.0583],[25.4969,41.0585],[25.4967,41.0586],[25.4965,41.0587],[25.4962,41.059],[25.4961,41.059],[25.4959,41.0592],[25.4958,41.0593],[25.4958,41.0593],[25.4954,41.0594],[25.4952,41.0595],[25.4948,41.0596],[25.4946,41.0596],[25.4945,41.0596],[25.4942,41.0596],[25.4934,41.0596],[25.4933,41.0596],[25.4927,41.0596],[25.4924,41.0596],[25.4924,41.0596],[25.4922,41.0596],[25.492,41.0597],[25.4916,41.0597],[25.491,41.0596],[25.4909,41.0597],[25.4909,41.0596],[25.4906,41.0596],[25.4905,41.0596],[25.4903,41.0595],[25.4903,41.0594],[25.4902,41.0594],[25.4901,41.0593],[25.49,41.0592],[25.4899,41.0591],[25.4898,41.059],[25.4898,41.0589],[25.4897,41.0588],[25.4897,41.0587],[25.4897,41.0585],[25.4897,41.0584],[25.4897,41.0582],[25.4897,41.0582],[25.4896,41.0581],[25.4895,41.0582],[25.4894,41.0583],[25.4893,41.0583],[25.4892,41.0584],[25.489,41.0585],[25.4887,41.0587],[25.4885,41.0589],[25.4882,41.0591],[25.4881,41.0592],[25.4879,41.0594],[25.4877,41.0596],[25.4875,41.0597],[25.4873,41.0598],[25.487,41.06],[25.4869,41.0601],[25.4867,41.0603],[25.4862,41.0607],[25.4862,41.0607],[25.486,41.0608],[25.486,41.0609],[25.486,41.061],[25.486,41.0612],[25.486,41.0614],[25.486,41.0617],[25.486,41.0619],[25.486,41.0621],[25.486,41.0633],[25.486,41.0638],[25.486,41.0639],[25.486,41.0642],[25.486,41.0644],[25.486,41.0644],[25.486,41.0648],[25.486,41.0649],[25.486,41.0653],[25.486,41.0655],[25.486,41.0664],[25.486,41.0665],[25.486,41.0673],[25.486,41.0674],[25.486,41.0681]]]]},"geometry_name":"the_geom","properties":{"TAG":"ΒΙ.ΠΕ. ΚΟΜΟΤΗΝΗΣ","COMMENTS":"","AREA_KM2":4.31508}},{"type":"Feature","id":"oria_vipe.21","geometry":{"type":"MultiPolygon","coordinates":[[[[25.6376,40.9731],[25.6364,40.9726],[25.6356,40.9724],[25.6355,40.9726],[25.6343,40.9723],[25.6327,40.9736],[25.6313,40.9754],[25.6307,40.9761],[25.6317,40.9761],[25.6331,40.9763],[25.634,40.9763],[25.6379,40.977],[25.6403,40.9779],[25.6412,40.9784],[25.6431,40.9785],[25.6436,40.9783],[25.6433,40.9781],[25.6431,40.978],[25.6426,40.9756],[25.6433,40.9754],[25.6432,40.9751],[25.6441,40.9749],[25.6448,40.9749],[25.6445,40.9744],[25.644,40.9739],[25.6438,40.9736],[25.6435,40.9729],[25.6435,40.9729],[25.6434,40.9741],[25.64,40.974],[25.64,40.973],[25.6396,40.973],[25.6376,40.9731]]]]},"geometry_name":"the_geom","properties":{"TAG":"ΒΙΟ.ΠΑ. ΣΑΠΩΝ","COMMENTS":"","AREA_KM2":0.434749}},{"type":"Feature","id":"oria_vipe.29","geometry":{"type":"MultiPolygon","coordinates":[[[[21.2636,40.4895],[21.264,40.4895],[21.264,40.4894],[21.2613,40.4863],[21.2608,40.4865],[21.2598,40.4854],[21.2598,40.4854],[21.2598,40.4854],[21.2598,40.4854],[21.2598,40.4853],[21.2598,40.4853],[21.2597,40.4853],[21.2597,40.4853],[21.2597,40.4853],[21.2597,40.4853],[21.2597,40.4852],[21.2597,40.4852],[21.2597,40.4852],[21.2597,40.4852],[21.2597,40.4852],[21.2597,40.4852],[21.2598,40.4851],[21.2598,40.4851],[21.2598,40.4851],[21.2598,40.4851],[21.2598,40.4851],[21.2598,40.4851],[21.2598,40.4851],[21.2598,40.4851],[21.2598,40.4851],[21.2598,40.4851],[21.2598,40.4851],[21.2598,40.4851],[21.2598,40.4851],[21.2598,40.4851],[21.2599,40.4851],[21.2599,40.4851],[21.2599,40.4851],[21.2599,40.4851],[21.2599,40.485],[21.2599,40.485],[21.26,40.485],[21.26,40.485],[21.26,40.485],[21.26,40.485],[21.26,40.4849],[21.26,40.4849],[21.26,40.4849],[21.26,40.4849],[21.26,40.4849],[21.26,40.4849],[21.26,40.4848],[21.26,40.4848],[21.26,40.4848],[21.26,40.4848],[21.26,40.4848],[21.26,40.4848],[21.26,40.4847],[21.26,40.4847],[21.26,40.4847],[21.26,40.4847],[21.2599,40.4847],[21.2599,40.4847],[21.2599,40.4846],[21.2599,40.4846],[21.2599,40.4846],[21.2599,40.4846],[21.2598,40.4846],[21.2598,40.4846],[21.2598,40.4846],[21.2598,40.4842],[21.2598,40.4842],[21.2595,40.4843],[21.2595,40.4843],[21.2594,40.4843],[21.2594,40.4843],[21.2594,40.4846],[21.2586,40.4845],[21.257,40.4855],[21.2552,40.4862],[21.2604,40.4922],[21.2619,40.4914],[21.262,40.491],[21.2622,40.4904],[21.2624,40.49],[21.2626,40.4898],[21.2628,40.4896],[21.2636,40.4895]]]]},"geometry_name":"the_geom","properties":{"TAG":"ΒΙ.ΠΑ. ΚΑΣΤΟΡΙΑΣ","COMMENTS":"","AREA_KM2":0.301726}},{"type":"Feature","id":"oria_vipe.22","geometry":{"type":"MultiPolygon","coordinates":[[[[21.6433,38.1133],[21.6433,38.1132],[21.6433,38.1132],[21.6433,38.1131],[21.6433,38.1131],[21.6434,38.1129],[21.6434,38.1128],[21.6435,38.1126],[21.6435,38.1126],[21.6435,38.1126],[21.6435,38.1125],[21.6436,38.1123],[21.6437,38.1121],[21.6438,38.1119],[21.6439,38.1118],[21.6441,38.1116],[21.6444,38.1114],[21.6446,38.1112],[21.6449,38.111],[21.645,38.111],[21.6451,38.111],[21.6451,38.111],[21.6451,38.111],[21.6451,38.111],[21.6453,38.1109],[21.6453,38.1109],[21.6455,38.1108],[21.6456,38.1108],[21.6456,38.1108],[21.6457,38.1108],[21.6457,38.1108],[21.6458,38.1107],[21.6458,38.1107],[21.6459,38.1107],[21.6459,38.1107],[21.646,38.1107],[21.646,38.1107],[21.6461,38.1107],[21.6461,38.1107],[21.6462,38.1107],[21.6462,38.1107],[21.6463,38.1107],[21.6463,38.1106],[21.6464,38.1106],[21.6464,38.1106],[21.6465,38.1106],[21.6465,38.1106],[21.6466,38.1106],[21.6466,38.1106],[21.6467,38.1106],[21.6468,38.1106],[21.6468,38.1106],[21.6469,38.1106],[21.6469,38.1106],[21.647,38.1106],[21.647,38.1106],[21.6471,38.1106],[21.6472,38.1106],[21.6472,38.1106],[21.6473,38.1106],[21.6473,38.1106],[21.6474,38.1106],[21.6474,38.1106],[21.6475,38.1106],[21.6476,38.1106],[21.6476,38.1106],[21.6477,38.1106],[21.6477,38.1106],[21.6478,38.1106],[21.6479,38.1106],[21.6479,38.1106],[21.648,38.1106],[21.648,38.1106],[21.6485,38.1107],[21.6491,38.1106],[21.6492,38.1106],[21.6492,38.1106],[21.6494,38.1109],[21.6497,38.1108],[21.6501,38.1105],[21.6503,38.1105],[21.6503,38.1105],[21.6504,38.1105],[21.6504,38.1105],[21.6505,38.1105],[21.6506,38.1104],[21.6506,38.1104],[21.6507,38.1104],[21.6507,38.1104],[21.6508,38.1104],[21.6508,38.1104],[21.6509,38.1103],[21.651,38.1103],[21.651,38.1103],[21.6511,38.1103],[21.6511,38.1102],[21.6515,38.1101],[21.6561,38.1076],[21.6561,38.1076],[21.6566,38.1073],[21.6577,38.1067],[21.6575,38.1065],[21.6577,38.1063],[21.6579,38.1062],[21.6582,38.106],[21.6583,38.1059],[21.6584,38.1058],[21.6586,38.1057],[21.6589,38.1055],[21.6591,38.1054],[21.6591,38.1054],[21.6595,38.1051],[21.6594,38.105],[21.6589,38.1045],[21.6589,38.1045],[21.6589,38.1045],[21.6589,38.1044],[21.6589,38.1044],[21.659,38.1043],[21.6591,38.1043],[21.659,38.1042],[21.6589,38.1041],[21.6589,38.1041],[21.6589,38.104],[21.6589,38.104],[21.6589,38.1039],[21.6589,38.1039],[21.659,38.1038],[21.6592,38.1037],[21.6593,38.1036],[21.6592,38.1035],[21.6591,38.1034],[21.6589,38.1032],[21.6587,38.1031],[21.6587,38.103],[21.6586,38.103],[21.6586,38.1028],[21.6587,38.1027],[21.6589,38.1026],[21.6587,38.1024],[21.6589,38.1023],[21.659,38.1022],[21.659,38.1021],[21.6591,38.1021],[21.659,38.102],[21.6588,38.1019],[21.6587,38.1018],[21.6587,38.1018],[21.6588,38.1017],[21.6588,38.1017],[21.6587,38.1016],[21.6586,38.1015],[21.6584,38.1014],[21.6583,38.1013],[21.6582,38.1012],[21.6581,38.1011],[21.658,38.1011],[21.658,38.101],[21.658,38.101],[21.6578,38.101],[21.6578,38.1009],[21.6572,38.1009],[21.6572,38.1009],[21.6569,38.1008],[21.6566,38.1008],[21.6564,38.1008],[21.6558,38.1007],[21.6556,38.1007],[21.6549,38.1007],[21.6549,38.1007],[21.6546,38.1006],[21.6545,38.1006],[21.6543,38.1006],[21.6539,38.1006],[21.6536,38.1005],[21.6533,38.1005],[21.653,38.1004],[21.6528,38.1004],[21.6525,38.1003],[21.6524,38.1003],[21.6523,38.1003],[21.6522,38.1003],[21.6517,38.1003],[21.6515,38.1003],[21.6512,38.1003],[21.6508,38.1003],[21.6507,38.1003],[21.6507,38.1003],[21.6504,38.1003],[21.6502,38.1004],[21.65,38.1004],[21.6499,38.1004],[21.6494,38.1005],[21.6494,38.1005],[21.6493,38.1005],[21.6492,38.1005],[21.6491,38.1004],[21.6491,38.1004],[21.649,38.1004],[21.6486,38.1005],[21.6486,38.1005],[21.6485,38.1004],[21.6485,38.1004],[21.6485,38.1004],[21.6485,38.1004],[21.6484,38.1003],[21.6481,38.1002],[21.6477,38.1001],[21.6477,38.1001],[21.6476,38.1001],[21.6473,38.1],[21.6469,38.1],[21.6466,38.0999],[21.6466,38.0999],[21.6464,38.0998],[21.6463,38.0998],[21.6462,38.0998],[21.6445,38.0993],[21.6444,38.0993],[21.644,38.0991],[21.644,38.0991],[21.6437,38.099],[21.6436,38.0989],[21.6433,38.0988],[21.6432,38.0987],[21.6431,38.0986],[21.643,38.0985],[21.6428,38.0985],[21.6424,38.0984],[21.6421,38.0984],[21.6417,38.0983],[21.6414,38.0983],[21.6412,38.0982],[21.641,38.0982],[21.641,38.0982],[21.6409,38.0981],[21.6407,38.0981],[21.6405,38.0981],[21.6404,38.0981],[21.6403,38.0981],[21.6401,38.0982],[21.6399,38.0983],[21.6395,38.0985],[21.6392,38.0986],[21.6392,38.0987],[21.6391,38.0987],[21.639,38.0987],[21.6389,38.0987],[21.6387,38.0988],[21.6384,38.0989],[21.6384,38.0989],[21.6382,38.0989],[21.6378,38.0991],[21.6377,38.0991],[21.6374,38.0992],[21.6373,38.0993],[21.6372,38.0993],[21.637,38.0995],[21.6367,38.0996],[21.6365,38.0998],[21.6362,38.0999],[21.636,38.1001],[21.6359,38.1001],[21.6357,38.1002],[21.6354,38.1004],[21.6352,38.1005],[21.6351,38.1006],[21.635,38.1006],[21.6349,38.1006],[21.6346,38.1007],[21.6344,38.1008],[21.6343,38.1008],[21.6341,38.1009],[21.6338,38.101],[21.6333,38.1012],[21.6331,38.1014],[21.6327,38.1016],[21.6325,38.1016],[21.6322,38.1018],[21.6322,38.1018],[21.6318,38.1019],[21.6318,38.1019],[21.6316,38.102],[21.6312,38.1022],[21.6313,38.1024],[21.6315,38.1027],[21.6316,38.1029],[21.6316,38.1029],[21.6316,38.103],[21.6314,38.1031],[21.6314,38.1031],[21.6313,38.1032],[21.6312,38.1033],[21.631,38.1034],[21.6309,38.1034],[21.6306,38.1035],[21.6305,38.1036],[21.6304,38.1036],[21.6302,38.1037],[21.6299,38.1037],[21.6296,38.1038],[21.6295,38.1038],[21.6294,38.1038],[21.6293,38.1038],[21.6291,38.1039],[21.629,38.1039],[21.6289,38.1039],[21.6288,38.1039],[21.6287,38.104],[21.6286,38.104],[21.6286,38.1041],[21.6285,38.1041],[21.6285,38.1041],[21.6284,38.1041],[21.6282,38.1042],[21.6279,38.1043],[21.6278,38.1043],[21.6275,38.1044],[21.6274,38.1044],[21.6273,38.1044],[21.6272,38.1045],[21.6271,38.1046],[21.627,38.1046],[21.6268,38.1047],[21.6268,38.1048],[21.6267,38.1048],[21.6266,38.1049],[21.6265,38.1049],[21.6264,38.105],[21.6263,38.1051],[21.6262,38.1052],[21.6262,38.1052],[21.6262,38.1053],[21.626,38.1054],[21.6259,38.1055],[21.6259,38.1055],[21.6259,38.1055],[21.6258,38.1055],[21.6257,38.1055],[21.6256,38.1056],[21.6255,38.1057],[21.6255,38.1057],[21.6254,38.1058],[21.6253,38.1058],[21.6251,38.1058],[21.625,38.1059],[21.6249,38.1059],[21.6248,38.1059],[21.6246,38.106],[21.6245,38.106],[21.6244,38.106],[21.6244,38.106],[21.6243,38.106],[21.6243,38.1061],[21.6242,38.1061],[21.6253,38.1077],[21.6254,38.1077],[21.626,38.1086],[21.6264,38.1091],[21.627,38.1099],[21.627,38.1099],[21.6276,38.1107],[21.6277,38.1109],[21.6278,38.111],[21.6278,38.1111],[21.6282,38.1116],[21.6283,38.1118],[21.6286,38.1122],[21.6286,38.1122],[21.6286,38.1123],[21.6291,38.113],[21.6293,38.1134],[21.6296,38.1138],[21.6297,38.114],[21.6299,38.1142],[21.6302,38.1147],[21.6305,38.1152],[21.6305,38.1152],[21.6306,38.1153],[21.6306,38.1154],[21.6308,38.1156],[21.6309,38.1157],[21.6313,38.1163],[21.6315,38.1167],[21.6316,38.1168],[21.6317,38.1171],[21.632,38.1175],[21.6322,38.1178],[21.6324,38.1181],[21.6328,38.1186],[21.6328,38.1188],[21.6329,38.1188],[21.6329,38.1189],[21.633,38.119],[21.6331,38.1192],[21.6332,38.1193],[21.6333,38.1194],[21.6334,38.1195],[21.6336,38.1197],[21.6339,38.12],[21.634,38.1201],[21.6341,38.1202],[21.6346,38.1207],[21.6349,38.1209],[21.6351,38.1211],[21.6354,38.1214],[21.6355,38.1216],[21.6356,38.1216],[21.6356,38.1216],[21.6358,38.1217],[21.6358,38.1217],[21.6359,38.1218],[21.636,38.1218],[21.636,38.1218],[21.6361,38.1219],[21.6361,38.1219],[21.6362,38.122],[21.6362,38.1219],[21.6363,38.1219],[21.6363,38.1218],[21.6364,38.1218],[21.6364,38.1218],[21.6366,38.1218],[21.6366,38.1218],[21.6367,38.1218],[21.6368,38.1217],[21.637,38.1216],[21.6371,38.1215],[21.6374,38.1214],[21.6377,38.1212],[21.6379,38.1211],[21.6379,38.1211],[21.638,38.121],[21.6382,38.1208],[21.6383,38.1207],[21.6384,38.1207],[21.6384,38.1207],[21.6387,38.1204],[21.6387,38.1204],[21.6388,38.1204],[21.6389,38.1203],[21.6391,38.1202],[21.6392,38.1202],[21.639,38.1204],[21.6394,38.1207],[21.6425,38.1177],[21.6426,38.1177],[21.6426,38.1177],[21.6426,38.1176],[21.6427,38.1176],[21.6427,38.1176],[21.6428,38.1175],[21.6428,38.1175],[21.6428,38.1175],[21.6429,38.1174],[21.6429,38.1174],[21.6429,38.1174],[21.643,38.1173],[21.643,38.1173],[21.643,38.1172],[21.6431,38.1172],[21.6431,38.1172],[21.6431,38.1171],[21.6431,38.1171],[21.6432,38.117],[21.6432,38.117],[21.6432,38.117],[21.6432,38.1169],[21.6433,38.1169],[21.6433,38.1168],[21.6433,38.1168],[21.6433,38.1168],[21.6434,38.1167],[21.6434,38.1167],[21.6434,38.1166],[21.6434,38.1166],[21.6434,38.1165],[21.6434,38.1165],[21.6435,38.1164],[21.6435,38.1162],[21.6435,38.1162],[21.6436,38.1161],[21.6435,38.1161],[21.6436,38.1161],[21.6436,38.116],[21.6436,38.116],[21.6436,38.1159],[21.6436,38.1159],[21.6436,38.1158],[21.6436,38.1158],[21.6436,38.1157],[21.6436,38.1157],[21.6436,38.1156],[21.6436,38.1156],[21.6436,38.1155],[21.6436,38.1155],[21.6435,38.1154],[21.6435,38.1154],[21.6435,38.1154],[21.6435,38.1153],[21.6435,38.1153],[21.6435,38.1152],[21.6435,38.1152],[21.6435,38.1151],[21.6434,38.1151],[21.6434,38.115],[21.6434,38.115],[21.6434,38.115],[21.6434,38.1149],[21.6433,38.1149],[21.6433,38.1148],[21.6433,38.1148],[21.6433,38.1147],[21.6432,38.1147],[21.6432,38.1147],[21.6432,38.1146],[21.6432,38.1146],[21.6433,38.1138],[21.6433,38.1137],[21.6433,38.1137],[21.6433,38.1136],[21.6433,38.1136],[21.6433,38.1135],[21.6433,38.1135],[21.6433,38.1134],[21.6433,38.1134],[21.6433,38.1134],[21.6433,38.1133],[21.6433,38.1133]]]]},"geometry_name":"the_geom","properties":{"TAG":"ΒΙ.ΠΕ. ΠΑΤΡΑΣ","COMMENTS":"","AREA_KM2":4.20285}},{"type":"Feature","id":"oria_vipe.24","geometry":{"type":"MultiPolygon","coordinates":[[[[22.1083,40.7067],[22.108,40.7071],[22.108,40.7071],[22.1079,40.7072],[22.1078,40.7072],[22.1075,40.7074],[22.1074,40.7075],[22.1069,40.7079],[22.1065,40.7082],[22.1063,40.7084],[22.1062,40.7086],[22.1063,40.7086],[22.1064,40.7087],[22.1064,40.7088],[22.1063,40.709],[22.1063,40.7091],[22.1063,40.7094],[22.1064,40.7095],[22.1066,40.7096],[22.1065,40.7099],[22.1065,40.7099],[22.1065,40.7099],[22.1065,40.71],[22.1063,40.7101],[22.1059,40.7104],[22.1057,40.7105],[22.1053,40.7105],[22.1053,40.7105],[22.1051,40.7105],[22.1047,40.7106],[22.1038,40.7109],[22.1038,40.7109],[22.1038,40.711],[22.1038,40.7111],[22.1035,40.7112],[22.1027,40.7113],[22.1025,40.7115],[22.1024,40.7117],[22.102,40.7121],[22.1013,40.7123],[22.1012,40.7124],[22.101,40.713],[22.1009,40.7135],[22.1007,40.7139],[22.1013,40.714],[22.1015,40.714],[22.1016,40.714],[22.1017,40.714],[22.1019,40.714],[22.102,40.714],[22.1022,40.714],[22.1023,40.714],[22.1024,40.714],[22.1026,40.714],[22.1027,40.714],[22.1028,40.714],[22.1031,40.7141],[22.1035,40.7141],[22.1038,40.7142],[22.1039,40.7142],[22.1042,40.7142],[22.1043,40.7142],[22.1045,40.7142],[22.1045,40.7142],[22.1046,40.7142],[22.1047,40.7142],[22.105,40.7142],[22.1056,40.7142],[22.1059,40.7142],[22.106,40.7141],[22.1061,40.7142],[22.1062,40.7142],[22.1063,40.7142],[22.1064,40.7142],[22.1065,40.7143],[22.1068,40.7144],[22.1069,40.7144],[22.107,40.7145],[22.1071,40.7146],[22.1071,40.7146],[22.1072,40.7147],[22.1073,40.7149],[22.1073,40.7151],[22.1074,40.7153],[22.1076,40.7161],[22.108,40.7171],[22.1084,40.7177],[22.1086,40.7179],[22.1086,40.7179],[22.1089,40.7182],[22.1092,40.7185],[22.1097,40.7189],[22.1097,40.7189],[22.1098,40.719],[22.1099,40.7191],[22.11,40.7193],[22.11,40.7193],[22.1101,40.7192],[22.1104,40.7192],[22.1112,40.7194],[22.1113,40.7194],[22.1113,40.7196],[22.1114,40.7196],[22.1116,40.7196],[22.1119,40.7196],[22.1121,40.7196],[22.1121,40.7196],[22.1121,40.7194],[22.1121,40.7192],[22.1121,40.719],[22.1121,40.719],[22.1121,40.7187],[22.1121,40.7185],[22.1122,40.7184],[22.1123,40.7184],[22.1125,40.7183],[22.1126,40.7181],[22.1127,40.718],[22.1128,40.7178],[22.113,40.7176],[22.1131,40.7175],[22.1132,40.7173],[22.1134,40.7173],[22.1135,40.7172],[22.1135,40.7172],[22.1137,40.717],[22.1138,40.7169],[22.114,40.7169],[22.114,40.7169],[22.1142,40.7169],[22.1143,40.717],[22.1145,40.7171],[22.1146,40.7173],[22.1146,40.7174],[22.1147,40.7174],[22.1148,40.7175],[22.115,40.7176],[22.1153,40.7176],[22.1158,40.7176],[22.1159,40.7176],[22.1159,40.7177],[22.1159,40.7179],[22.1163,40.7179],[22.1165,40.7179],[22.1168,40.7179],[22.1171,40.7179],[22.1175,40.7179],[22.1179,40.7179],[22.1183,40.7179],[22.1183,40.7183],[22.1183,40.7186],[22.1183,40.7188],[22.1183,40.7189],[22.1183,40.7192],[22.1183,40.7196],[22.1183,40.7197],[22.1211,40.7197],[22.1211,40.7196],[22.1211,40.7196],[22.1212,40.7193],[22.1212,40.7192],[22.1213,40.7191],[22.1213,40.7191],[22.1213,40.719],[22.1213,40.7188],[22.1213,40.7187],[22.1212,40.7185],[22.1212,40.7185],[22.1212,40.7185],[22.1212,40.7185],[22.1212,40.7184],[22.1213,40.7182],[22.1213,40.7181],[22.1212,40.718],[22.1212,40.718],[22.1212,40.7179],[22.1212,40.7178],[22.1212,40.7177],[22.1212,40.7177],[22.1212,40.7176],[22.1212,40.7174],[22.1212,40.7173],[22.1212,40.7171],[22.1213,40.717],[22.1213,40.717],[22.1216,40.717],[22.1217,40.717],[22.1222,40.717],[22.1223,40.717],[22.1227,40.717],[22.123,40.717],[22.123,40.7167],[22.1229,40.7167],[22.1228,40.7166],[22.1227,40.7165],[22.1227,40.7163],[22.1227,40.716],[22.1234,40.7161],[22.1235,40.7163],[22.1236,40.7163],[22.1238,40.7162],[22.124,40.7162],[22.1241,40.7162],[22.1246,40.7162],[22.1246,40.7162],[22.1246,40.7163],[22.1246,40.7165],[22.1245,40.7165],[22.1245,40.7166],[22.1243,40.7168],[22.1242,40.7171],[22.124,40.7174],[22.124,40.7176],[22.124,40.7177],[22.1241,40.7179],[22.1242,40.7182],[22.1244,40.7186],[22.1247,40.719],[22.1252,40.7189],[22.1257,40.7188],[22.126,40.7187],[22.1261,40.7186],[22.1251,40.7164],[22.125,40.7164],[22.125,40.7164],[22.1249,40.7163],[22.1249,40.7162],[22.1248,40.716],[22.1247,40.7158],[22.1245,40.7154],[22.1245,40.7153],[22.1243,40.7152],[22.1242,40.715],[22.1241,40.7148],[22.1239,40.7146],[22.1237,40.7143],[22.1237,40.7143],[22.1237,40.7143],[22.1237,40.7143],[22.1235,40.7141],[22.1234,40.7139],[22.1232,40.7137],[22.1231,40.7135],[22.123,40.7135],[22.1229,40.7133],[22.1227,40.713],[22.1226,40.7129],[22.1225,40.7128],[22.1224,40.7127],[22.1223,40.7125],[22.1222,40.7124],[22.122,40.7122],[22.1218,40.712],[22.1218,40.7119],[22.1218,40.7119],[22.1216,40.7117],[22.1213,40.7114],[22.1211,40.7111],[22.121,40.7109],[22.1208,40.7107],[22.1207,40.7106],[22.1205,40.7103],[22.1202,40.71],[22.12,40.7098],[22.1198,40.7095],[22.1197,40.7093],[22.1195,40.7091],[22.1194,40.7089],[22.119,40.7085],[22.1189,40.7083],[22.1187,40.7081],[22.1185,40.7079],[22.1184,40.7077],[22.1182,40.7074],[22.1181,40.7073],[22.1181,40.7073],[22.118,40.7071],[22.118,40.7068],[22.118,40.7066],[22.118,40.7063],[22.118,40.706],[22.118,40.7057],[22.118,40.7056],[22.118,40.7055],[22.118,40.7052],[22.118,40.7051],[22.1181,40.705],[22.1174,40.705],[22.1171,40.705],[22.117,40.705],[22.1169,40.705],[22.1166,40.705],[22.1163,40.705],[22.1158,40.705],[22.1156,40.705],[22.1153,40.7047],[22.115,40.7045],[22.1147,40.705],[22.1143,40.7052],[22.1133,40.7052],[22.113,40.7052],[22.113,40.7052],[22.1129,40.7052],[22.1126,40.7053],[22.112,40.7056],[22.1116,40.7056],[22.1115,40.7056],[22.1114,40.7056],[22.1106,40.7057],[22.1105,40.7057],[22.1104,40.7057],[22.1095,40.7059],[22.1094,40.706],[22.1092,40.7062],[22.1091,40.7063],[22.1089,40.7065],[22.1087,40.7066],[22.1083,40.7067]]]]},"geometry_name":"the_geom","properties":{"TAG":"Ε.Π. ΠΕΛΛΑΣ","COMMENTS":"ΔΕΝ ΕΧΕΙ ΠΟΛΕΟΔΟΜΗΘΕΙ","AREA_KM2":1.90089}},{"type":"Feature","id":"oria_vipe.25","geometry":{"type":"MultiPolygon","coordinates":[[[[22.7951,40.698],[22.7955,40.698],[22.7971,40.6978],[22.7972,40.6981],[22.7988,40.6979],[22.7988,40.6978],[22.7993,40.6977],[22.8011,40.6975],[22.8019,40.6974],[22.8043,40.6971],[22.8053,40.6969],[22.8069,40.6967],[22.809,40.6964],[22.8104,40.6963],[22.8114,40.6961],[22.812,40.6961],[22.8126,40.6962],[22.8127,40.6962],[22.8135,40.6963],[22.8138,40.6964],[22.8157,40.6967],[22.8158,40.6967],[22.8159,40.6968],[22.8159,40.6968],[22.816,40.6968],[22.8161,40.6968],[22.8162,40.6969],[22.8175,40.6978],[22.8186,40.6986],[22.8192,40.699],[22.8205,40.6999],[22.8206,40.7],[22.8207,40.7],[22.8208,40.7001],[22.8208,40.7002],[22.8209,40.7003],[22.821,40.7005],[22.8212,40.7009],[22.8213,40.7012],[22.8216,40.7012],[22.8216,40.7012],[22.8216,40.7012],[22.8217,40.7013],[22.8218,40.7013],[22.8224,40.7011],[22.8226,40.701],[22.823,40.7008],[22.8235,40.7006],[22.8241,40.7003],[22.8246,40.7001],[22.8259,40.6996],[22.826,40.6995],[22.8264,40.6988],[22.8265,40.6978],[22.8265,40.6978],[22.8264,40.6978],[22.8256,40.6978],[22.8256,40.6977],[22.8256,40.6976],[22.8257,40.6975],[22.8256,40.6974],[22.8255,40.6974],[22.8252,40.6971],[22.8246,40.6966],[22.8242,40.6963],[22.8238,40.6957],[22.8236,40.6953],[22.8233,40.6949],[22.823,40.6939],[22.8229,40.6936],[22.8227,40.6929],[22.8226,40.6922],[22.8226,40.6908],[22.8227,40.6903],[22.823,40.6892],[22.8231,40.6886],[22.8233,40.6877],[22.8232,40.6868],[22.8231,40.6859],[22.8229,40.685],[22.8226,40.6842],[22.8223,40.6837],[22.8215,40.6825],[22.821,40.6818],[22.8201,40.6806],[22.8197,40.6799],[22.8193,40.679],[22.8189,40.678],[22.8187,40.6769],[22.8186,40.6762],[22.8188,40.6753],[22.8191,40.6747],[22.8196,40.674],[22.8215,40.6715],[22.8215,40.6714],[22.8217,40.6712],[22.8217,40.6712],[22.8218,40.6711],[22.8218,40.6711],[22.8219,40.671],[22.8214,40.6711],[22.8167,40.672],[22.8167,40.6721],[22.8166,40.6721],[22.8166,40.6722],[22.8164,40.6722],[22.8162,40.6722],[22.8148,40.6725],[22.8146,40.6725],[22.8145,40.6726],[22.8139,40.6727],[22.813,40.6729],[22.8129,40.6729],[22.8118,40.6731],[22.8107,40.6733],[22.8107,40.6733],[22.8104,40.6734],[22.8101,40.6734],[22.8095,40.6736],[22.8069,40.6741],[22.8069,40.6742],[22.8076,40.6759],[22.8034,40.6767],[22.8039,40.6783],[22.8038,40.6783],[22.8037,40.6783],[22.8037,40.6783],[22.8014,40.6783],[22.8014,40.6786],[22.7991,40.6786],[22.7991,40.6757],[22.7991,40.6756],[22.798,40.6759],[22.7966,40.6762],[22.7959,40.6763],[22.7951,40.6764],[22.7942,40.6766],[22.792,40.6771],[22.7898,40.6775],[22.7878,40.6779],[22.7862,40.6783],[22.784,40.6787],[22.7821,40.6791],[22.7797,40.6796],[22.7786,40.6798],[22.7784,40.6798],[22.7779,40.6799],[22.7778,40.6799],[22.7776,40.6799],[22.7776,40.6799],[22.7775,40.6801],[22.7775,40.6801],[22.7774,40.6808],[22.7775,40.6808],[22.7773,40.6818],[22.7772,40.6828],[22.7771,40.6835],[22.7768,40.6841],[22.7765,40.6848],[22.7756,40.6863],[22.7755,40.6864],[22.7751,40.6891],[22.7747,40.6917],[22.7744,40.6943],[22.7742,40.6953],[22.774,40.6968],[22.7734,40.7006],[22.7734,40.7007],[22.7734,40.7009],[22.7741,40.7008],[22.7743,40.7007],[22.7747,40.7007],[22.7749,40.7007],[22.7765,40.7005],[22.7791,40.7001],[22.7791,40.7003],[22.7793,40.7002],[22.7793,40.7001],[22.78,40.7],[22.7812,40.6999],[22.7835,40.6995],[22.7858,40.6992],[22.7881,40.6989],[22.7882,40.6993],[22.7893,40.6991],[22.7892,40.6988],[22.7905,40.6986],[22.7928,40.6983],[22.7951,40.698]]]]},"geometry_name":"the_geom","properties":{"TAG":"ΒΙ.ΠΕ. ΘΕΣΣΑΛΟΝΙΚΗΣ","COMMENTS":"","AREA_KM2":9.70536}},{"type":"Feature","id":"oria_vipe.26","geometry":{"type":"MultiPolygon","coordinates":[[[[25.1819,35.3234],[25.1822,35.3232],[25.1823,35.3231],[25.1826,35.3229],[25.183,35.3226],[25.1833,35.3224],[25.1837,35.3222],[25.184,35.322],[25.1839,35.3218],[25.1838,35.3217],[25.1838,35.3216],[25.1838,35.3216],[25.1837,35.3215],[25.1837,35.3215],[25.1837,35.3214],[25.1836,35.3213],[25.1836,35.3213],[25.1836,35.3212],[25.1836,35.3212],[25.1835,35.3212],[25.1835,35.3211],[25.1835,35.321],[25.1835,35.321],[25.1835,35.3209],[25.1835,35.3209],[25.1835,35.3207],[25.1835,35.3206],[25.1835,35.3206],[25.1835,35.3205],[25.1835,35.3204],[25.1835,35.3204],[25.1835,35.3204],[25.1835,35.3202],[25.1835,35.3202],[25.1835,35.32],[25.1835,35.3199],[25.1835,35.3198],[25.1835,35.3198],[25.1834,35.3196],[25.1834,35.3196],[25.1834,35.3195],[25.1834,35.3194],[25.1834,35.3194],[25.1833,35.3193],[25.1832,35.3193],[25.183,35.3193],[25.1829,35.3193],[25.1829,35.3193],[25.1829,35.3192],[25.1828,35.3192],[25.1827,35.3192],[25.1826,35.3191],[25.1826,35.319],[25.1826,35.3189],[25.1825,35.3189],[25.1825,35.3188],[25.1825,35.3188],[25.1825,35.3187],[25.1825,35.3187],[25.1824,35.3187],[25.1825,35.3186],[25.1825,35.3186],[25.1825,35.3186],[25.1825,35.3186],[25.1825,35.3186],[25.1825,35.3185],[25.1824,35.3185],[25.1824,35.3185],[25.1824,35.3185],[25.1824,35.3184],[25.1824,35.3184],[25.1824,35.3184],[25.1825,35.3184],[25.1825,35.3183],[25.1825,35.3183],[25.1825,35.3183],[25.1825,35.3182],[25.1825,35.3182],[25.1825,35.3182],[25.1825,35.3182],[25.1825,35.3181],[25.1825,35.3181],[25.1825,35.3181],[25.1825,35.3181],[25.1825,35.318],[25.1825,35.318],[25.1824,35.318],[25.1824,35.3179],[25.1824,35.3179],[25.1824,35.3178],[25.1824,35.3178],[25.1824,35.3178],[25.1824,35.3178],[25.1824,35.3177],[25.1824,35.3177],[25.1824,35.3177],[25.1825,35.3176],[25.1825,35.3176],[25.1825,35.3176],[25.1825,35.3175],[25.1825,35.3175],[25.1825,35.3175],[25.1825,35.3172],[25.1825,35.3171],[25.1824,35.3169],[25.1824,35.3169],[25.1823,35.3168],[25.1822,35.3166],[25.1823,35.3166],[25.1823,35.3166],[25.1823,35.3166],[25.1824,35.3166],[25.1822,35.3165],[25.1822,35.3164],[25.1822,35.3164],[25.1822,35.3163],[25.1822,35.3162],[25.1823,35.3161],[25.1823,35.316],[25.1822,35.316],[25.1822,35.3159],[25.1822,35.3159],[25.1822,35.3159],[25.1822,35.3158],[25.1822,35.3158],[25.1822,35.3157],[25.1822,35.3156],[25.1822,35.3156],[25.1822,35.3155],[25.1822,35.3155],[25.1822,35.3154],[25.1822,35.3154],[25.1822,35.3153],[25.1821,35.3153],[25.1821,35.3152],[25.1821,35.3152],[25.1821,35.3151],[25.182,35.3151],[25.182,35.3151],[25.1819,35.315],[25.1819,35.315],[25.1818,35.315],[25.1817,35.3149],[25.1816,35.3149],[25.1815,35.3149],[25.1814,35.3149],[25.1813,35.3149],[25.1811,35.3148],[25.181,35.3148],[25.181,35.3148],[25.181,35.3148],[25.1809,35.3148],[25.1809,35.3148],[25.1809,35.3148],[25.1809,35.3148],[25.1808,35.3148],[25.1808,35.3148],[25.1808,35.3148],[25.1806,35.3149],[25.1805,35.3149],[25.1803,35.315],[25.1802,35.315],[25.1802,35.3149],[25.1801,35.3149],[25.1801,35.3148],[25.18,35.3147],[25.1799,35.3145],[25.1798,35.3145],[25.1797,35.3145],[25.1796,35.3145],[25.1795,35.3145],[25.1794,35.3145],[25.1793,35.3146],[25.1791,35.3147],[25.1791,35.3147],[25.179,35.3147],[25.1788,35.3147],[25.1787,35.3148],[25.1786,35.3148],[25.1785,35.3148],[25.1785,35.3149],[25.1783,35.3149],[25.1782,35.315],[25.1782,35.315],[25.1782,35.315],[25.178,35.3149],[25.1779,35.3149],[25.1777,35.3149],[25.1776,35.3148],[25.1776,35.3148],[25.1776,35.3148],[25.1775,35.3148],[25.1774,35.3148],[25.1774,35.3148],[25.1772,35.3147],[25.1771,35.3147],[25.1771,35.3147],[25.177,35.3147],[25.1769,35.3148],[25.1767,35.3149],[25.1767,35.3149],[25.1765,35.315],[25.1764,35.3151],[25.1763,35.3151],[25.1762,35.3151],[25.1761,35.3151],[25.1758,35.3151],[25.1756,35.315],[25.1756,35.3151],[25.1755,35.3151],[25.1754,35.3152],[25.1752,35.3151],[25.175,35.315],[25.1749,35.315],[25.1749,35.315],[25.1748,35.3149],[25.1746,35.315],[25.1745,35.3151],[25.1744,35.3151],[25.1744,35.3151],[25.1744,35.3151],[25.1743,35.315],[25.1742,35.315],[25.1742,35.315],[25.1742,35.315],[25.1742,35.3149],[25.1742,35.3149],[25.1741,35.3149],[25.1741,35.3149],[25.1741,35.3149],[25.174,35.3149],[25.174,35.3148],[25.1739,35.3148],[25.1739,35.3148],[25.1738,35.3147],[25.1738,35.3147],[25.1737,35.3147],[25.1737,35.3147],[25.1736,35.3146],[25.1735,35.3146],[25.1734,35.3145],[25.1734,35.3145],[25.1733,35.3144],[25.1733,35.3144],[25.1733,35.3144],[25.1733,35.3144],[25.1732,35.3144],[25.1732,35.3144],[25.1732,35.3144],[25.1732,35.3144],[25.1732,35.3145],[25.1731,35.3145],[25.1728,35.3143],[25.1728,35.3143],[25.1727,35.3142],[25.1726,35.3142],[25.1726,35.3141],[25.1726,35.3141],[25.1725,35.3142],[25.1725,35.3142],[25.1724,35.3142],[25.1723,35.3143],[25.1723,35.3143],[25.1723,35.3143],[25.1722,35.3143],[25.1721,35.3144],[25.172,35.3144],[25.1718,35.3144],[25.1716,35.3144],[25.1714,35.3143],[25.1713,35.3143],[25.1712,35.3143],[25.1711,35.3144],[25.1709,35.3144],[25.1709,35.3145],[25.1709,35.3145],[25.1709,35.3145],[25.1708,35.3145],[25.1707,35.3145],[25.1707,35.3145],[25.1705,35.3144],[25.1703,35.3144],[25.1702,35.3144],[25.1701,35.3143],[25.1701,35.3143],[25.17,35.3143],[25.17,35.3143],[25.17,35.3144],[25.17,35.3144],[25.1699,35.3145],[25.1699,35.3146],[25.1699,35.3146],[25.1698,35.3148],[25.1698,35.3148],[25.1698,35.3148],[25.17,35.3149],[25.17,35.315],[25.1701,35.315],[25.1701,35.315],[25.17,35.3151],[25.1699,35.3153],[25.1698,35.3155],[25.1697,35.3156],[25.1697,35.3157],[25.1697,35.3157],[25.1697,35.3158],[25.1697,35.3158],[25.1696,35.3159],[25.1696,35.3159],[25.1696,35.3159],[25.1695,35.3159],[25.1695,35.3159],[25.1695,35.3158],[25.1695,35.3158],[25.1694,35.3158],[25.1693,35.3159],[25.1692,35.3159],[25.1692,35.3159],[25.1689,35.3162],[25.1687,35.3163],[25.1686,35.3164],[25.1685,35.3165],[25.1684,35.3166],[25.1683,35.3166],[25.1682,35.3168],[25.1681,35.3168],[25.168,35.3169],[25.1679,35.317],[25.1678,35.3171],[25.1678,35.3171],[25.1677,35.3172],[25.1676,35.3173],[25.1675,35.3174],[25.1675,35.3174],[25.1674,35.3175],[25.1674,35.3176],[25.1672,35.3177],[25.1672,35.3178],[25.1671,35.3179],[25.1671,35.3179],[25.167,35.3181],[25.167,35.3182],[25.1669,35.3183],[25.1668,35.3184],[25.1668,35.3186],[25.1667,35.3186],[25.1663,35.3194],[25.1663,35.3195],[25.1663,35.3196],[25.1663,35.3197],[25.1663,35.3199],[25.1664,35.3199],[25.1664,35.32],[25.1664,35.3201],[25.1663,35.3201],[25.1663,35.3202],[25.1663,35.3202],[25.1662,35.3203],[25.1662,35.3203],[25.1662,35.3204],[25.166,35.3205],[25.1659,35.3206],[25.1657,35.3207],[25.1655,35.3208],[25.1653,35.321],[25.1652,35.3211],[25.165,35.3211],[25.165,35.3211],[25.1648,35.3212],[25.1646,35.3212],[25.1645,35.3214],[25.1644,35.3214],[25.1644,35.3214],[25.1642,35.3221],[25.1641,35.3222],[25.1641,35.3223],[25.1641,35.3223],[25.164,35.3223],[25.1639,35.3226],[25.1638,35.3228],[25.1639,35.3229],[25.1639,35.3229],[25.164,35.323],[25.1639,35.323],[25.1639,35.3232],[25.1639,35.3233],[25.1638,35.3234],[25.1638,35.3235],[25.1638,35.3235],[25.1637,35.3237],[25.1637,35.3239],[25.1636,35.324],[25.1636,35.324],[25.1635,35.3241],[25.1634,35.3243],[25.1635,35.3244],[25.1636,35.3244],[25.1638,35.3244],[25.1639,35.3244],[25.1639,35.3243],[25.164,35.3241],[25.1642,35.3242],[25.1644,35.3242],[25.1647,35.3243],[25.1647,35.3243],[25.165,35.3243],[25.165,35.3243],[25.165,35.3243],[25.1651,35.3241],[25.1652,35.324],[25.1654,35.324],[25.1659,35.3241],[25.1659,35.3241],[25.1659,35.3241],[25.166,35.3241],[25.166,35.3241],[25.166,35.3241],[25.1661,35.3241],[25.1661,35.3241],[25.1661,35.3241],[25.1663,35.3242],[25.1664,35.3242],[25.1665,35.3242],[25.1667,35.3242],[25.1667,35.3243],[25.1668,35.3243],[25.1668,35.3243],[25.167,35.3243],[25.1671,35.3243],[25.1671,35.3243],[25.1673,35.3243],[25.1673,35.3243],[25.1674,35.3243],[25.1675,35.3244],[25.1676,35.3244],[25.1676,35.3244],[25.1676,35.3244],[25.1677,35.3244],[25.1678,35.3244],[25.1678,35.3244],[25.168,35.3244],[25.1681,35.3244],[25.1682,35.3243],[25.1682,35.3243],[25.1682,35.3243],[25.1683,35.3244],[25.1683,35.3244],[25.1684,35.3243],[25.1686,35.3246],[25.1688,35.3245],[25.1689,35.3245],[25.169,35.3247],[25.169,35.3249],[25.1691,35.3249],[25.1691,35.3251],[25.1691,35.3251],[25.1692,35.3252],[25.1692,35.3252],[25.1691,35.3253],[25.1691,35.3253],[25.169,35.3255],[25.1689,35.3256],[25.1688,35.3258],[25.1687,35.326],[25.1686,35.3261],[25.1685,35.3262],[25.1685,35.3263],[25.1685,35.3263],[25.1684,35.3263],[25.1688,35.3265],[25.169,35.3266],[25.1692,35.3266],[25.1694,35.3267],[25.1696,35.3267],[25.1696,35.3267],[25.1696,35.3268],[25.1697,35.3269],[25.1698,35.3269],[25.1698,35.327],[25.1698,35.327],[25.1698,35.3271],[25.1698,35.3273],[25.1698,35.3274],[25.1698,35.3275],[25.1697,35.3277],[25.1697,35.3277],[25.1694,35.3281],[25.17,35.3283],[25.1704,35.3285],[25.1705,35.3283],[25.1707,35.3281],[25.1708,35.3279],[25.1708,35.3278],[25.1709,35.3277],[25.1711,35.3275],[25.1714,35.327],[25.1715,35.3269],[25.1717,35.3266],[25.1718,35.3265],[25.1718,35.3263],[25.1718,35.3262],[25.1717,35.3261],[25.1716,35.3261],[25.1715,35.326],[25.1714,35.3259],[25.1713,35.3258],[25.1712,35.3257],[25.1711,35.3255],[25.1707,35.3251],[25.1705,35.3249],[25.1705,35.3249],[25.1703,35.3247],[25.1702,35.3245],[25.17,35.3243],[25.1699,35.3242],[25.1699,35.3242],[25.1699,35.3242],[25.1701,35.3242],[25.1704,35.3242],[25.1707,35.3242],[25.1707,35.3241],[25.1713,35.3241],[25.172,35.3241],[25.1724,35.3241],[25.1729,35.3241],[25.173,35.3241],[25.1732,35.3241],[25.1735,35.3241],[25.1738,35.3241],[25.1739,35.3241],[25.1739,35.3241],[25.1739,35.3241],[25.1739,35.3241],[25.1751,35.3241],[25.1752,35.3241],[25.1756,35.3241],[25.1756,35.3257],[25.1747,35.3268],[25.1747,35.3268],[25.1747,35.3268],[25.1747,35.3268],[25.1748,35.3268],[25.1749,35.3268],[25.175,35.3268],[25.1755,35.3268],[25.1777,35.3268],[25.1777,35.3268],[25.1779,35.3268],[25.1781,35.3268],[25.1782,35.3268],[25.1782,35.3268],[25.1784,35.3266],[25.1786,35.3264],[25.179,35.3261],[25.1792,35.3259],[25.1793,35.3258],[25.1794,35.3257],[25.18,35.3252],[25.1802,35.325],[25.1804,35.3247],[25.1813,35.324],[25.1813,35.3239],[25.1819,35.3234]]]]},"geometry_name":"the_geom","properties":{"TAG":"ΒΙ.ΠΕ. ΗΡΑΚΛΕΙΟΥ","COMMENTS":"","AREA_KM2":1.74446}},{"type":"Feature","id":"oria_vipe.27","geometry":{"type":"MultiPolygon","coordinates":[[[[21.9971,37.2088],[21.9974,37.2087],[21.9978,37.2085],[21.998,37.2083],[21.9982,37.2083],[21.9984,37.208],[21.9985,37.208],[21.9986,37.2079],[21.9986,37.2078],[21.9987,37.2078],[21.9989,37.2078],[21.9991,37.2078],[21.9992,37.2078],[21.9994,37.2078],[21.9996,37.2077],[21.9998,37.2077],[21.9999,37.2077],[21.9997,37.2074],[21.9996,37.2073],[21.9995,37.2072],[21.9995,37.2072],[21.9994,37.2071],[21.9992,37.2071],[21.9988,37.2071],[21.9987,37.2071],[21.9981,37.2071],[21.998,37.2069],[21.9979,37.2066],[21.9978,37.2065],[21.9978,37.2063],[21.9977,37.2062],[21.9976,37.2062],[21.9975,37.2062],[21.9973,37.2063],[21.9971,37.2064],[21.997,37.2066],[21.9969,37.2066],[21.9968,37.2066],[21.9962,37.2065],[21.9955,37.2064],[21.995,37.2062],[21.9947,37.2061],[21.9946,37.2061],[21.9944,37.2061],[21.9943,37.2061],[21.9939,37.206],[21.9934,37.2059],[21.9929,37.2059],[21.9924,37.2057],[21.9917,37.2057],[21.9913,37.2056],[21.9906,37.2056],[21.9904,37.2057],[21.9902,37.2059],[21.99,37.2061],[21.9898,37.2063],[21.9896,37.2065],[21.9895,37.2066],[21.9893,37.2068],[21.989,37.2071],[21.989,37.2071],[21.989,37.2071],[21.989,37.2071],[21.989,37.2071],[21.989,37.2071],[21.989,37.2071],[21.989,37.2071],[21.989,37.2071],[21.989,37.2071],[21.989,37.2071],[21.989,37.2071],[21.989,37.2072],[21.989,37.2072],[21.989,37.2072],[21.9889,37.2072],[21.9889,37.2072],[21.9889,37.2072],[21.9889,37.2073],[21.9889,37.2073],[21.9888,37.2073],[21.9888,37.2073],[21.9888,37.2073],[21.9888,37.2073],[21.9887,37.2074],[21.9887,37.2074],[21.9887,37.2074],[21.9887,37.2074],[21.9887,37.2074],[21.9886,37.2075],[21.9886,37.2075],[21.9886,37.2075],[21.9886,37.2075],[21.9886,37.2075],[21.9886,37.2076],[21.9885,37.2076],[21.9885,37.2076],[21.9884,37.2077],[21.9884,37.2078],[21.9882,37.2079],[21.9881,37.208],[21.9881,37.208],[21.988,37.2081],[21.9879,37.2082],[21.9873,37.2088],[21.9872,37.2088],[21.9867,37.2093],[21.9866,37.2095],[21.9865,37.2096],[21.9863,37.2097],[21.9862,37.2098],[21.9861,37.21],[21.986,37.2101],[21.9859,37.2102],[21.9858,37.2102],[21.9857,37.2103],[21.9857,37.2104],[21.9856,37.2105],[21.9856,37.2105],[21.9856,37.2105],[21.9856,37.2105],[21.9855,37.2105],[21.9855,37.2105],[21.9855,37.2105],[21.9855,37.2105],[21.9855,37.2106],[21.9855,37.2106],[21.9854,37.2106],[21.9854,37.2106],[21.9854,37.2106],[21.9854,37.2106],[21.9854,37.2107],[21.9854,37.2107],[21.9853,37.2107],[21.9853,37.2107],[21.9853,37.2107],[21.9853,37.2108],[21.9853,37.2108],[21.9853,37.2108],[21.9853,37.2108],[21.9852,37.2108],[21.9852,37.2108],[21.9852,37.2108],[21.9852,37.2108],[21.9854,37.211],[21.9854,37.2111],[21.9854,37.2113],[21.9853,37.2114],[21.9853,37.2115],[21.9853,37.2115],[21.9853,37.2117],[21.9853,37.2118],[21.9852,37.2119],[21.9851,37.212],[21.9849,37.2121],[21.9849,37.2122],[21.9848,37.2123],[21.9848,37.2123],[21.9848,37.2124],[21.9847,37.2125],[21.9847,37.2125],[21.9848,37.2126],[21.9849,37.2127],[21.985,37.2128],[21.9852,37.2129],[21.9852,37.213],[21.9853,37.2131],[21.9853,37.2131],[21.9853,37.2133],[21.9853,37.2135],[21.9854,37.2136],[21.9854,37.2137],[21.9854,37.2138],[21.9854,37.2139],[21.9854,37.214],[21.9855,37.214],[21.9855,37.2141],[21.9855,37.2142],[21.9855,37.2143],[21.9855,37.2144],[21.9855,37.2146],[21.9856,37.2147],[21.9856,37.2148],[21.9857,37.215],[21.9858,37.2151],[21.9858,37.2153],[21.9859,37.2154],[21.986,37.2155],[21.9861,37.2157],[21.9862,37.2157],[21.9863,37.2158],[21.9864,37.216],[21.9865,37.2161],[21.9867,37.2163],[21.9868,37.2164],[21.987,37.2164],[21.9871,37.2165],[21.9871,37.2166],[21.9872,37.2167],[21.9873,37.2168],[21.9875,37.2168],[21.9876,37.2169],[21.9876,37.2169],[21.9877,37.2171],[21.9876,37.2173],[21.9875,37.2174],[21.9876,37.2175],[21.9877,37.2174],[21.988,37.2172],[21.9885,37.2169],[21.9901,37.2161],[21.9904,37.216],[21.9905,37.216],[21.9907,37.2159],[21.991,37.2159],[21.9919,37.2158],[21.9934,37.2158],[21.995,37.2158],[21.9951,37.2158],[21.9953,37.2158],[21.9955,37.2158],[21.9957,37.2158],[21.9959,37.2158],[21.996,37.2158],[21.9963,37.2158],[21.9966,37.2158],[21.9969,37.2157],[21.9968,37.2152],[21.9968,37.2151],[21.9969,37.2149],[21.9969,37.2146],[21.9969,37.2143],[21.9969,37.2141],[21.9969,37.2135],[21.9968,37.2134],[21.9967,37.2134],[21.9966,37.2133],[21.9966,37.213],[21.9966,37.2128],[21.9965,37.2128],[21.9966,37.2127],[21.997,37.2127],[21.9969,37.212],[21.9967,37.212],[21.9966,37.212],[21.9966,37.2119],[21.9965,37.2117],[21.9964,37.2114],[21.9964,37.2112],[21.9963,37.2111],[21.9963,37.2109],[21.9963,37.2108],[21.9963,37.2108],[21.9965,37.2107],[21.9967,37.2106],[21.9969,37.2105],[21.997,37.2104],[21.9972,37.2103],[21.9973,37.2102],[21.9974,37.2101],[21.9976,37.2101],[21.9977,37.21],[21.9978,37.2099],[21.9978,37.2099],[21.9977,37.2098],[21.9977,37.2097],[21.9975,37.2095],[21.9974,37.2095],[21.9973,37.2094],[21.997,37.2091],[21.997,37.209],[21.997,37.209],[21.997,37.2089],[21.9971,37.2088]]]]},"geometry_name":"the_geom","properties":{"TAG":"ΒΙ.ΠΕ. ΚΑΛΑΜΑΤΑΣ Β' (ΜΕΛΙΓΑΛΑΣ)","COMMENTS":"","AREA_KM2":1.07117}},{"type":"Feature","id":"oria_vipe.28","geometry":{"type":"MultiPolygon","coordinates":[[[[22.3915,38.529],[22.3915,38.529],[22.3916,38.5291],[22.3917,38.5291],[22.3917,38.5291],[22.3925,38.5291],[22.3929,38.5291],[22.3931,38.5291],[22.3932,38.5291],[22.3934,38.5291],[22.3935,38.5291],[22.3944,38.5291],[22.3946,38.5291],[22.3948,38.5291],[22.3951,38.529],[22.3955,38.529],[22.3955,38.529],[22.3958,38.529],[22.3961,38.529],[22.3967,38.529],[22.3977,38.529],[22.3979,38.529],[22.398,38.5289],[22.3983,38.5288],[22.3988,38.5285],[22.3992,38.5283],[22.3996,38.5281],[22.3997,38.5281],[22.3999,38.528],[22.4001,38.5279],[22.4009,38.5275],[22.4016,38.5271],[22.4018,38.527],[22.4017,38.5267],[22.4017,38.5266],[22.4017,38.5266],[22.4017,38.5253],[22.4017,38.5253],[22.4017,38.5251],[22.4017,38.525],[22.4014,38.525],[22.4011,38.5251],[22.4009,38.5252],[22.4004,38.5252],[22.4002,38.5253],[22.3992,38.5255],[22.3988,38.5256],[22.3985,38.5257],[22.3984,38.5257],[22.3983,38.5257],[22.3979,38.5258],[22.3975,38.5259],[22.3972,38.526],[22.397,38.526],[22.397,38.5248],[22.3959,38.5252],[22.3955,38.5254],[22.395,38.5256],[22.3949,38.5255],[22.3949,38.5255],[22.3949,38.5255],[22.3949,38.5255],[22.3949,38.5255],[22.3949,38.5255],[22.3949,38.5255],[22.3949,38.5255],[22.3948,38.5255],[22.3948,38.5255],[22.3948,38.5255],[22.3945,38.5255],[22.3943,38.5255],[22.3941,38.5256],[22.3939,38.5256],[22.3937,38.5256],[22.3936,38.5257],[22.3935,38.5257],[22.3935,38.5257],[22.3935,38.5257],[22.3931,38.5257],[22.393,38.5257],[22.3928,38.5258],[22.3926,38.5258],[22.3925,38.5258],[22.3923,38.5258],[22.3921,38.5258],[22.392,38.5258],[22.3918,38.5258],[22.3916,38.5258],[22.3914,38.5258],[22.3912,38.5258],[22.3912,38.5258],[22.3911,38.5257],[22.391,38.5257],[22.3909,38.5257],[22.3908,38.5257],[22.3908,38.5257],[22.3906,38.5256],[22.3905,38.5256],[22.3903,38.5256],[22.3902,38.5256],[22.3902,38.5256],[22.3901,38.5256],[22.39,38.5256],[22.39,38.5255],[22.3898,38.5255],[22.3896,38.5255],[22.3895,38.5255],[22.3893,38.5255],[22.3892,38.5255],[22.3892,38.5255],[22.3892,38.5256],[22.3892,38.5256],[22.3893,38.5257],[22.3894,38.5262],[22.3895,38.5264],[22.3896,38.5265],[22.3897,38.5268],[22.3898,38.5268],[22.3899,38.527],[22.39,38.5271],[22.39,38.5271],[22.3901,38.5273],[22.3902,38.5273],[22.3902,38.5274],[22.3903,38.5275],[22.3904,38.5276],[22.3904,38.5276],[22.3904,38.5276],[22.3905,38.5277],[22.3906,38.5278],[22.3906,38.5279],[22.3907,38.528],[22.3907,38.528],[22.3909,38.5282],[22.3909,38.5284],[22.391,38.5285],[22.3912,38.5286],[22.3913,38.5288],[22.3915,38.529]]]]},"geometry_name":"the_geom","properties":{"TAG":"ΒΙΟ.ΠΑ. ΑΜΦΙΣΣΑΣ","COMMENTS":"","AREA_KM2":0.355531}}],"crs":{"type":"name","properties":{"name":"urn:ogc:def:crs:EPSG::4326"}}}