run_started_at_local,input_csv,pdf_pages_dataset,filtered_output_csv,keywords_count,rows_total,rows_relevant,rows_not_relevant,rows_subject_match,rows_pdf_match,rows_pdf_available,filtered_rows_written,success,error_message
2026-02-22 14:08:05,/Users/troboukis/Code/fire_protection_2026/data/2026_diavgeia.csv,/Users/troboukis/Code/fire_protection_2026/data/pdf_pages_dataset.csv,/Users/troboukis/Code/fire_protection_2026/data/2026_diavgeia_filtered.csv,36,22970,22886,84,14614,22070,22908,22886,True,NONE
2026-02-24 00:53:06,/Users/troboukis/Code/fire_protection_2026/data/2026_diavgeia.csv,/Users/troboukis/Code/fire_protection_2026/data/pdf_pages_dataset.csv,/Users/troboukis/Code/fire_protection_2026/data/2026_diavgeia_filtered.csv,34,0,0,0,0,0,0,0,False,ValueError: Must have equal len keys and value when setting with an iterable
2026-02-24 00:54:08,/Users/troboukis/Code/fire_protection_2026/data/2026_diavgeia.csv,/Users/troboukis/Code/fire_protection_2026/data/pdf_pages_dataset.csv,/Users/troboukis/Code/fire_protection_2026/data/2026_diavgeia_filtered.csv,34,6523,5918,605,2107,5843,6521,5918,True,NONE
2026-02-24 00:56:02,/Users/troboukis/Code/fire_protection_2026/data/2026_diavgeia.csv,/Users/troboukis/Code/fire_protection_2026/data/pdf_pages_dataset.csv,/Users/troboukis/Code/fire_protection_2026/data/2026_diavgeia_filtered.csv,34,6523,5918,605,2107,5843,6521,5918,True,NONE
2026-02-24 20:12:08,/Users/troboukis/Code/fire_protection_2026/data/2026_diavgeia.csv,/Users/troboukis/Code/fire_protection_2026/data/pdf_pages_dataset.csv,/Users/troboukis/Code/fire_protection_2026/data/2026_diavgeia_filtered.csv,34,6532,5920,612,2109,5843,6521,5920,True,NONE
2026-02-24 20:16:24,/Users/troboukis/Code/fire_protection_2026/data/2026_diavgeia.csv,/Users/troboukis/Code/fire_protection_2026/data/pdf_pages_dataset.csv,/Users/troboukis/Code/fire_protection_2026/data/2026_diavgeia_filtered.csv,34,6532,5920,612,2109,5843,6521,5920,True,NONE
2026-02-25 09:34:54,/Users/troboukis/Code/fire_protection_2026/data/2026_diavgeia.csv,/Users/troboukis/Code/fire_protection_2026/data/pdf_pages_dataset.csv,/Users/troboukis/Code/fire_protection_2026/data/2026_diavgeia_filtered.csv,34,6533,5921,612,2110,5843,6521,5921,True,NONE
2026-02-25 16:17:26,/Users/troboukis/Code/fire_protection_2026/data/2026_diavgeia.csv,/Users/troboukis/Code/fire_protection_2026/data/pdf_pages_dataset.csv,/Users/troboukis/Code/fire_protection_2026/data/2026_diavgeia_filtered.csv,34,6547,5934,613,2116,5853,6531,5934,True,NONE
2026-02-27 11:24:38,/Users/troboukis/Code/fire_protection_2026/data/2026_diavgeia.csv,/Users/troboukis/Code/fire_protection_2026/data/pdf_pages_dataset.csv,/Users/troboukis/Code/fire_protection_2026/data/2026_diavgeia_filtered.csv,34,6566,5940,626,2122,5853,6531,5940,True,NONE
2026-02-27 21:45:19,/Users/troboukis/Code/fire_protection_2026/data/2026_diavgeia.csv,/Users/troboukis/Code/fire_protection_2026/data/pdf_pages_dataset.csv,/Users/troboukis/Code/fire_protection_2026/data/2026_diavgeia_filtered.csv,34,6589,5945,644,2127,5853,6531,5945,True,NONE
2026-02-28 13:22:49,/Users/troboukis/Code/fire_protection_2026/data/2026_diavgeia.csv,/Users/troboukis/Code/fire_protection_2026/data/pdf_pages_dataset.csv,/Users/troboukis/Code/fire_protection_2026/data/2026_diavgeia_filtered.csv,34,6590,5945,645,2127,5853,6531,5945,True,NONE
2026-02-28 20:31:59,/Users/troboukis/Code/fire_protection_2026/data/2026_diavgeia.csv,/Users/troboukis/Code/fire_protection_2026/data/pdf_pages_dataset.csv,/Users/troboukis/Code/fire_protection_2026/data/2026_diavgeia_filtered.csv,34,6590,5945,645,2127,5853,6531,5945,True,NONE
2026-03-02 14:26:11,/Users/troboukis/Code/fire_protection_2026/data/2026_diavgeia.csv,/Users/troboukis/Code/fire_protection_2026/data/pdf_pages_dataset.csv,/Users/troboukis/Code/fire_protection_2026/data/2026_diavgeia_filtered.csv,34,6597,5947,650,2129,5853,6531,5947,True,NONE
2026-03-02 22:22:45,/Users/troboukis/Code/fire_protection_2026/data/2026_diavgeia.csv,/Users/troboukis/Code/fire_protection_2026/data/pdf_pages_dataset.csv,/Users/troboukis/Code/fire_protection_2026/data/2026_diavgeia_filtered.csv,34,6597,5947,650,2129,5853,6531,5947,True,NONE
2026-03-03 12:53:42,/Users/troboukis/Code/fire_protection_2026/data/2026_diavgeia.csv,/Users/troboukis/Code/fire_protection_2026/data/pdf_pages_dataset.csv,/Users/troboukis/Code/fire_protection_2026/data/2026_diavgeia_filtered.csv,34,6603,5950,653,2132,5853,6531,5950,True,NONE
2026-03-03 13:02:37,/Users/troboukis/Code/fire_protection_2026/data/2026_diavgeia.csv,/Users/troboukis/Code/fire_protection_2026/data/pdf_pages_dataset.csv,/Users/troboukis/Code/fire_protection_2026/data/2026_diavgeia_filtered.csv,34,6604,5950,654,2132,5853,6531,5950,True,NONE
2026-03-03 13:06:21,/Users/troboukis/Code/fire_protection_2026/data/2026_diavgeia.csv,/Users/troboukis/Code/fire_protection_2026/data/pdf_pages_dataset.csv,/Users/troboukis/Code/fire_protection_2026/data/2026_diavgeia_filtered.csv,34,6604,5950,654,2132,5853,6531,5950,True,NONE
2026-03-04 20:44:37,/Users/troboukis/Code/fire_protection_2026/data/2026_diavgeia.csv,/Users/troboukis/Code/fire_protection_2026/data/pdf_pages_dataset.csv,/Users/troboukis/Code/fire_protection_2026/data/2026_diavgeia_filtered.csv,34,6624,5954,670,2136,5853,6531,5954,True,NONE
2026-03-05 18:16:05,/Users/troboukis/Code/fire_protection_2026/data/2026_diavgeia.csv,/Users/troboukis/Code/fire_protection_2026/data/pdf_pages_dataset.csv,/Users/troboukis/Code/fire_protection_2026/data/2026_diavgeia_filtered.csv,34,6635,5957,678,2139,5853,6531,5957,True,NONE
2026-03-06 16:24:56,/Users/troboukis/Code/fire_protection_2026/data/2026_diavgeia.csv,/Users/troboukis/Code/fire_protection_2026/data/pdf_pages_dataset.csv,/Users/troboukis/Code/fire_protection_2026/data/2026_diavgeia_filtered.csv,34,6641,5960,681,2142,5853,6531,5960,True,NONE
2026-03-06 22:51:36,/Users/troboukis/Code/fire_protection_2026/data/2026_diavgeia.csv,/Users/troboukis/Code/fire_protection_2026/data/pdf_pages_dataset.csv,/Users/troboukis/Code/fire_protection_2026/data/2026_diavgeia_filtered.csv,34,6643,5960,683,2142,5853,6531,5960,True,NONE
2026-03-08 09:37:59,/Users/troboukis/Code/fire_protection_2026/data/2026_diavgeia.csv,/Users/troboukis/Code/fire_protection_2026/data/pdf_pages_dataset.csv,/Users/troboukis/Code/fire_protection_2026/data/2026_diavgeia_filtered.csv,34,6643,5960,683,2142,5853,6531,5960,True,NONE
2026-03-08 17:23:36,/Users/troboukis/Code/fire_protection_2026/data/2026_diavgeia.csv,/Users/troboukis/Code/fire_protection_2026/data/pdf_pages_dataset.csv,/Users/troboukis/Code/fire_protection_2026/data/2026_diavgeia_filtered.csv,34,6643,5960,683,2142,5853,6531,5960,True,NONE
2026-03-08 19:13:56,/home/runner/work/2026_fire_protection/2026_fire_protection/data/2026_diavgeia.csv,/home/runner/work/2026_fire_protection/2026_fire_protection/data/pdf_pages_dataset.csv,/home/runner/work/2026_fire_protection/2026_fire_protection/data/2026_diavgeia_filtered.csv,34,6643,2142,4501,2142,0,0,2142,True,NONE
2026-03-08 20:04:32,/home/runner/work/2026_fire_protection/2026_fire_protection/data/2026_diavgeia.csv,/home/runner/work/2026_fire_protection/2026_fire_protection/data/pdf_pages_dataset.csv,/home/runner/work/2026_fire_protection/2026_fire_protection/data/2026_diavgeia_filtered.csv,34,6643,2142,4501,2142,0,0,2142,True,NONE
2026-03-09 05:58:04,/home/runner/work/2026_fire_protection/2026_fire_protection/data/2026_diavgeia.csv,/home/runner/work/2026_fire_protection/2026_fire_protection/data/pdf_pages_dataset.csv,/home/runner/work/2026_fire_protection/2026_fire_protection/data/2026_diavgeia_filtered.csv,34,6643,2142,4501,2142,0,0,2142,True,NONE
2026-03-09 08:43:48,/home/runner/work/2026_fire_protection/2026_fire_protection/data/2026_diavgeia.csv,/home/runner/work/2026_fire_protection/2026_fire_protection/data/pdf_pages_dataset.csv,/home/runner/work/2026_fire_protection/2026_fire_protection/data/2026_diavgeia_filtered.csv,34,6645,2143,4502,2143,0,0,2143,True,NONE
2026-03-09 14:50:54,/home/runner/work/2026_fire_protection/2026_fire_protection/data/2026_diavgeia.csv,/home/runner/work/2026_fire_protection/2026_fire_protection/data/pdf_pages_dataset.csv,/home/runner/work/2026_fire_protection/2026_fire_protection/data/2026_diavgeia_filtered.csv,34,6648,2143,4505,2143,0,0,2143,True,NONE
2026-03-09 18:53:05,/home/runner/work/2026_fire_protection/2026_fire_protection/data/2026_diavgeia.csv,/home/runner/work/2026_fire_protection/2026_fire_protection/data/pdf_pages_dataset.csv,/home/runner/work/2026_fire_protection/2026_fire_protection/data/2026_diavgeia_filtered.csv,34,6648,2143,4505,2143,0,0,2143,True,NONE
2026-03-10 05:45:13,/home/runner/work/2026_fire_protection/2026_fire_protection/data/2026_diavgeia.csv,/home/runner/work/2026_fire_protection/2026_fire_protection/data/pdf_pages_dataset.csv,/home/runner/work/2026_fire_protection/2026_fire_protection/data/2026_diavgeia_filtered.csv,34,6648,2143,4505,2143,0,0,2143,True,NONE
2026-03-10 08:41:19,/home/runner/work/2026_fire_protection/2026_fire_protection/data/2026_diavgeia.csv,/home/runner/work/2026_fire_protection/2026_fire_protection/data/pdf_pages_dataset.csv,/home/runner/work/2026_fire_protection/2026_fire_protection/data/2026_diavgeia_filtered.csv,34,6652,2144,4508,2144,0,0,2144,True,NONE
2026-03-10 18:46:03,/home/runner/work/2026_fire_protection/2026_fire_protection/data/2026_diavgeia.csv,/home/runner/work/2026_fire_protection/2026_fire_protection/data/pdf_pages_dataset.csv,/home/runner/work/2026_fire_protection/2026_fire_protection/data/2026_diavgeia_filtered.csv,34,6658,2147,4511,2147,0,0,2147,True,NONE
2026-03-10 21:35:08,/Users/troboukis/Code/fire_protection_2026/data/2026_diavgeia.csv,/Users/troboukis/Code/fire_protection_2026/data/pdf_pages_dataset.csv,/Users/troboukis/Code/fire_protection_2026/data/2026_diavgeia_filtered.csv,34,0,0,0,0,0,0,0,False,"TypeError: Invalid value '['αγροτικού οδικού δικτύου', 'Προϋπολογισμού', 'ΠΕΡΙΜΕΤΡΙΚΩΝ ΖΩΝΩΝ', 'ΠΟΛΙΤΙΚΗΣ ΠΡΟΣΤΑΣΙΑΣ', 'Δημοτικού δάσους', 'Αγροτική Οδοποιία']' for dtype 'float64'"
2026-03-10 21:42:57,/Users/troboukis/Code/fire_protection_2026/data/2026_diavgeia.csv,/Users/troboukis/Code/fire_protection_2026/data/pdf_pages_dataset.csv,/Users/troboukis/Code/fire_protection_2026/data/2026_diavgeia_filtered.csv,34,6658,5965,693,2147,5853,6531,5965,True,NONE
2026-03-10 21:51:34,/Users/troboukis/Code/fire_protection_2026/data/2026_diavgeia.csv,/Users/troboukis/Code/fire_protection_2026/data/pdf_pages_dataset.csv,/Users/troboukis/Code/fire_protection_2026/data/2026_diavgeia_filtered.csv,34,6658,5965,693,2147,5853,6531,5965,True,NONE
2026-03-10 20:01:04,/home/runner/work/2026_fire_protection/2026_fire_protection/data/2026_diavgeia.csv,/home/runner/work/2026_fire_protection/2026_fire_protection/data/pdf_pages_dataset.csv,/home/runner/work/2026_fire_protection/2026_fire_protection/data/2026_diavgeia_filtered.csv,34,6658,2147,4511,2147,0,0,2147,True,NONE
2026-03-11 08:40:36,/home/runner/work/2026_fire_protection/2026_fire_protection/data/2026_diavgeia.csv,/home/runner/work/2026_fire_protection/2026_fire_protection/data/pdf_pages_dataset.csv,/home/runner/work/2026_fire_protection/2026_fire_protection/data/2026_diavgeia_filtered.csv,34,6659,2147,4512,2147,0,0,2147,True,NONE
2026-03-11 14:44:39,/home/runner/work/2026_fire_protection/2026_fire_protection/data/2026_diavgeia.csv,/home/runner/work/2026_fire_protection/2026_fire_protection/data/pdf_pages_dataset.csv,/home/runner/work/2026_fire_protection/2026_fire_protection/data/2026_diavgeia_filtered.csv,34,6666,2151,4515,2151,0,0,2151,True,NONE
2026-03-11 18:53:46,/home/runner/work/2026_fire_protection/2026_fire_protection/data/2026_diavgeia.csv,/home/runner/work/2026_fire_protection/2026_fire_protection/data/pdf_pages_dataset.csv,/home/runner/work/2026_fire_protection/2026_fire_protection/data/2026_diavgeia_filtered.csv,34,6666,2151,4515,2151,0,0,2151,True,NONE
2026-03-12 05:51:52,/home/runner/work/2026_fire_protection/2026_fire_protection/data/2026_diavgeia.csv,/home/runner/work/2026_fire_protection/2026_fire_protection/data/pdf_pages_dataset.csv,/home/runner/work/2026_fire_protection/2026_fire_protection/data/2026_diavgeia_filtered.csv,34,6666,2151,4515,2151,0,0,2151,True,NONE
2026-03-12 08:42:17,/home/runner/work/2026_fire_protection/2026_fire_protection/data/2026_diavgeia.csv,/home/runner/work/2026_fire_protection/2026_fire_protection/data/pdf_pages_dataset.csv,/home/runner/work/2026_fire_protection/2026_fire_protection/data/2026_diavgeia_filtered.csv,34,6667,2151,4516,2151,0,0,2151,True,NONE
2026-03-12 14:48:58,/home/runner/work/2026_fire_protection/2026_fire_protection/data/2026_diavgeia.csv,/home/runner/work/2026_fire_protection/2026_fire_protection/data/pdf_pages_dataset.csv,/home/runner/work/2026_fire_protection/2026_fire_protection/data/2026_diavgeia_filtered.csv,34,6681,2154,4527,2154,0,0,2154,True,NONE
2026-03-12 18:53:37,/home/runner/work/2026_fire_protection/2026_fire_protection/data/2026_diavgeia.csv,/home/runner/work/2026_fire_protection/2026_fire_protection/data/pdf_pages_dataset.csv,/home/runner/work/2026_fire_protection/2026_fire_protection/data/2026_diavgeia_filtered.csv,34,6681,2154,4527,2154,0,0,2154,True,NONE
2026-03-13 05:48:35,/home/runner/work/2026_fire_protection/2026_fire_protection/data/2026_diavgeia.csv,/home/runner/work/2026_fire_protection/2026_fire_protection/data/pdf_pages_dataset.csv,/home/runner/work/2026_fire_protection/2026_fire_protection/data/2026_diavgeia_filtered.csv,34,6683,2155,4528,2155,0,0,2155,True,NONE
2026-03-13 08:39:13,/home/runner/work/2026_fire_protection/2026_fire_protection/data/2026_diavgeia.csv,/home/runner/work/2026_fire_protection/2026_fire_protection/data/pdf_pages_dataset.csv,/home/runner/work/2026_fire_protection/2026_fire_protection/data/2026_diavgeia_filtered.csv,34,6687,2158,4529,2158,0,0,2158,True,NONE
2026-03-13 11:41:27,/Users/troboukis/Code/fire_protection_2026/data/2026_diavgeia.csv,/Users/troboukis/Code/fire_protection_2026/data/pdf_pages_dataset.csv,/Users/troboukis/Code/fire_protection_2026/data/2026_diavgeia_filtered.csv,34,6687,5977,710,2158,5855,6533,5977,True,NONE
2026-03-13 14:41:55,/home/runner/work/2026_fire_protection/2026_fire_protection/data/2026_diavgeia.csv,/home/runner/work/2026_fire_protection/2026_fire_protection/data/pdf_pages_dataset.csv,/home/runner/work/2026_fire_protection/2026_fire_protection/data/2026_diavgeia_filtered.csv,34,6692,2162,4530,2162,0,0,2162,True,NONE
2026-03-13 18:40:40,/home/runner/work/2026_fire_protection/2026_fire_protection/data/2026_diavgeia.csv,/home/runner/work/2026_fire_protection/2026_fire_protection/data/pdf_pages_dataset.csv,/home/runner/work/2026_fire_protection/2026_fire_protection/data/2026_diavgeia_filtered.csv,34,6692,2162,4530,2162,0,0,2162,True,NONE
2026-03-14 08:34:33,/home/runner/work/2026_fire_protection/2026_fire_protection/data/2026_diavgeia.csv,/home/runner/work/2026_fire_protection/2026_fire_protection/data/pdf_pages_dataset.csv,/home/runner/work/2026_fire_protection/2026_fire_protection/data/2026_diavgeia_filtered.csv,34,6692,2162,4530,2162,0,0,2162,True,NONE
2026-03-14 11:39:26,/Users/troboukis/Code/fire_protection_2026/data/2026_diavgeia.csv,/Users/troboukis/Code/fire_protection_2026/data/pdf_pages_dataset.csv,/Users/troboukis/Code/fire_protection_2026/data/2026_diavgeia_filtered.csv,34,6692,5982,710,2162,5856,6534,5982,True,NONE
2026-03-14 14:08:59,/Users/troboukis/Code/fire_protection_2026/data/2026_diavgeia.csv,/Users/troboukis/Code/fire_protection_2026/data/pdf_pages_dataset.csv,/Users/troboukis/Code/fire_protection_2026/data/2026_diavgeia_filtered.csv,34,6692,5982,710,2162,5856,6534,5982,True,NONE
2026-03-14 14:13:20,/Users/troboukis/Code/fire_protection_2026/data/2026_diavgeia.csv,/Users/troboukis/Code/fire_protection_2026/data/pdf_pages_dataset.csv,/Users/troboukis/Code/fire_protection_2026/data/2026_diavgeia_filtered.csv,34,6692,5982,710,2162,5856,6534,5982,True,NONE
2026-03-14 14:28:18,/home/runner/work/2026_fire_protection/2026_fire_protection/data/2026_diavgeia.csv,/home/runner/work/2026_fire_protection/2026_fire_protection/data/pdf_pages_dataset.csv,/home/runner/work/2026_fire_protection/2026_fire_protection/data/2026_diavgeia_filtered.csv,34,6692,2162,4530,2162,0,0,2162,True,NONE
2026-03-14 19:13:15,/home/runner/work/2026_fire_protection/2026_fire_protection/data/2026_diavgeia.csv,/home/runner/work/2026_fire_protection/2026_fire_protection/data/pdf_pages_dataset.csv,/home/runner/work/2026_fire_protection/2026_fire_protection/data/2026_diavgeia_filtered.csv,34,6692,2162,4530,2162,0,0,2162,True,NONE
2026-03-15 06:05:23,/home/runner/work/2026_fire_protection/2026_fire_protection/data/2026_diavgeia.csv,/home/runner/work/2026_fire_protection/2026_fire_protection/data/pdf_pages_dataset.csv,/home/runner/work/2026_fire_protection/2026_fire_protection/data/2026_diavgeia_filtered.csv,34,6692,2162,4530,2162,0,0,2162,True,NONE
2026-03-15 08:36:14,/home/runner/work/2026_fire_protection/2026_fire_protection/data/2026_diavgeia.csv,/home/runner/work/2026_fire_protection/2026_fire_protection/data/pdf_pages_dataset.csv,/home/runner/work/2026_fire_protection/2026_fire_protection/data/2026_diavgeia_filtered.csv,34,6692,2162,4530,2162,0,0,2162,True,NONE
2026-03-15 14:29:49,/home/runner/work/2026_fire_protection/2026_fire_protection/data/2026_diavgeia.csv,/home/runner/work/2026_fire_protection/2026_fire_protection/data/pdf_pages_dataset.csv,/home/runner/work/2026_fire_protection/2026_fire_protection/data/2026_diavgeia_filtered.csv,34,6692,2162,4530,2162,0,0,2162,True,NONE
2026-03-15 18:38:31,/home/runner/work/2026_fire_protection/2026_fire_protection/data/2026_diavgeia.csv,/home/runner/work/2026_fire_protection/2026_fire_protection/data/pdf_pages_dataset.csv,/home/runner/work/2026_fire_protection/2026_fire_protection/data/2026_diavgeia_filtered.csv,34,6692,2162,4530,2162,0,0,2162,True,NONE
2026-03-16 06:20:56,/home/runner/work/2026_fire_protection/2026_fire_protection/data/2026_diavgeia.csv,/home/runner/work/2026_fire_protection/2026_fire_protection/data/pdf_pages_dataset.csv,/home/runner/work/2026_fire_protection/2026_fire_protection/data/2026_diavgeia_filtered.csv,34,6692,2162,4530,2162,0,0,2162,True,NONE
2026-03-16 08:56:28,/home/runner/work/2026_fire_protection/2026_fire_protection/data/2026_diavgeia.csv,/home/runner/work/2026_fire_protection/2026_fire_protection/data/pdf_pages_dataset.csv,/home/runner/work/2026_fire_protection/2026_fire_protection/data/2026_diavgeia_filtered.csv,34,6695,2162,4533,2162,0,0,2162,True,NONE
2026-03-16 14:59:33,/home/runner/work/2026_fire_protection/2026_fire_protection/data/2026_diavgeia.csv,/home/runner/work/2026_fire_protection/2026_fire_protection/data/pdf_pages_dataset.csv,/home/runner/work/2026_fire_protection/2026_fire_protection/data/2026_diavgeia_filtered.csv,34,6707,2165,4542,2165,0,0,2165,True,NONE
2026-03-16 18:31:51,/Users/troboukis/Code/fire_protection_2026/data/2026_diavgeia.csv,/Users/troboukis/Code/fire_protection_2026/data/pdf_pages_dataset.csv,/Users/troboukis/Code/fire_protection_2026/data/2026_diavgeia_filtered.csv,34,6707,5985,722,2165,5856,6534,5985,True,NONE
2026-03-16 19:00:42,/home/runner/work/2026_fire_protection/2026_fire_protection/data/2026_diavgeia.csv,/home/runner/work/2026_fire_protection/2026_fire_protection/data/pdf_pages_dataset.csv,/home/runner/work/2026_fire_protection/2026_fire_protection/data/2026_diavgeia_filtered.csv,34,6707,2165,4542,2165,0,0,2165,True,NONE
2026-03-16 21:25:19,/Users/troboukis/Code/fire_protection_2026/data/2026_diavgeia.csv,/Users/troboukis/Code/fire_protection_2026/data/pdf_pages_dataset.csv,/Users/troboukis/Code/fire_protection_2026/data/2026_diavgeia_filtered.csv,34,6707,5985,722,2165,5856,6534,5985,True,NONE
2026-03-16 22:21:30,/home/runner/work/2026_fire_protection/2026_fire_protection/data/2026_diavgeia.csv,/home/runner/work/2026_fire_protection/2026_fire_protection/data/pdf_pages_dataset.csv,/home/runner/work/2026_fire_protection/2026_fire_protection/data/2026_diavgeia_filtered.csv,34,6707,2165,4542,2165,0,0,2165,True,NONE
2026-03-17 05:59:21,/home/runner/work/2026_fire_protection/2026_fire_protection/data/2026_diavgeia.csv,/home/runner/work/2026_fire_protection/2026_fire_protection/data/pdf_pages_dataset.csv,/home/runner/work/2026_fire_protection/2026_fire_protection/data/2026_diavgeia_filtered.csv,34,6707,2165,4542,2165,0,0,2165,True,NONE
2026-03-17 14:56:18,/home/runner/work/2026_fire_protection/2026_fire_protection/data/2026_diavgeia.csv,/home/runner/work/2026_fire_protection/2026_fire_protection/data/pdf_pages_dataset.csv,/home/runner/work/2026_fire_protection/2026_fire_protection/data/2026_diavgeia_filtered.csv,34,6721,2168,4553,2168,0,0,2168,True,NONE
2026-03-17 19:01:07,/home/runner/work/2026_fire_protection/2026_fire_protection/data/2026_diavgeia.csv,/home/runner/work/2026_fire_protection/2026_fire_protection/data/pdf_pages_dataset.csv,/home/runner/work/2026_fire_protection/2026_fire_protection/data/2026_diavgeia_filtered.csv,34,6722,2168,4554,2168,0,0,2168,True,NONE
2026-03-18 06:03:27,/home/runner/work/2026_fire_protection/2026_fire_protection/data/2026_diavgeia.csv,/home/runner/work/2026_fire_protection/2026_fire_protection/data/pdf_pages_dataset.csv,/home/runner/work/2026_fire_protection/2026_fire_protection/data/2026_diavgeia_filtered.csv,34,6722,2168,4554,2168,0,0,2168,True,NONE
2026-03-18 08:49:39,/home/runner/work/2026_fire_protection/2026_fire_protection/data/2026_diavgeia.csv,/home/runner/work/2026_fire_protection/2026_fire_protection/data/pdf_pages_dataset.csv,/home/runner/work/2026_fire_protection/2026_fire_protection/data/2026_diavgeia_filtered.csv,34,6724,2169,4555,2169,0,0,2169,True,NONE
2026-03-18 15:02:57,/home/runner/work/2026_fire_protection/2026_fire_protection/data/2026_diavgeia.csv,/home/runner/work/2026_fire_protection/2026_fire_protection/data/pdf_pages_dataset.csv,/home/runner/work/2026_fire_protection/2026_fire_protection/data/2026_diavgeia_filtered.csv,34,6727,2171,4556,2171,0,0,2171,True,NONE
2026-03-18 18:58:48,/home/runner/work/2026_fire_protection/2026_fire_protection/data/2026_diavgeia.csv,/home/runner/work/2026_fire_protection/2026_fire_protection/data/pdf_pages_dataset.csv,/home/runner/work/2026_fire_protection/2026_fire_protection/data/2026_diavgeia_filtered.csv,34,6727,2171,4556,2171,0,0,2171,True,NONE
2026-03-19 05:58:33,/home/runner/work/2026_fire_protection/2026_fire_protection/data/2026_diavgeia.csv,/home/runner/work/2026_fire_protection/2026_fire_protection/data/pdf_pages_dataset.csv,/home/runner/work/2026_fire_protection/2026_fire_protection/data/2026_diavgeia_filtered.csv,34,6727,2171,4556,2171,0,0,2171,True,NONE
2026-03-19 08:41:44,/home/runner/work/2026_fire_protection/2026_fire_protection/data/2026_diavgeia.csv,/home/runner/work/2026_fire_protection/2026_fire_protection/data/pdf_pages_dataset.csv,/home/runner/work/2026_fire_protection/2026_fire_protection/data/2026_diavgeia_filtered.csv,34,6732,2171,4561,2171,0,0,2171,True,NONE
2026-03-19 14:46:16,/home/runner/work/2026_fire_protection/2026_fire_protection/data/2026_diavgeia.csv,/home/runner/work/2026_fire_protection/2026_fire_protection/data/pdf_pages_dataset.csv,/home/runner/work/2026_fire_protection/2026_fire_protection/data/2026_diavgeia_filtered.csv,34,6741,2172,4569,2172,0,0,2172,True,NONE
2026-03-19 18:57:57,/home/runner/work/2026_fire_protection/2026_fire_protection/data/2026_diavgeia.csv,/home/runner/work/2026_fire_protection/2026_fire_protection/data/pdf_pages_dataset.csv,/home/runner/work/2026_fire_protection/2026_fire_protection/data/2026_diavgeia_filtered.csv,34,6741,2172,4569,2172,0,0,2172,True,NONE
2026-03-20 05:52:40,/home/runner/work/2026_fire_protection/2026_fire_protection/data/2026_diavgeia.csv,/home/runner/work/2026_fire_protection/2026_fire_protection/data/pdf_pages_dataset.csv,/home/runner/work/2026_fire_protection/2026_fire_protection/data/2026_diavgeia_filtered.csv,34,6744,2172,4572,2172,0,0,2172,True,NONE
2026-03-20 08:40:04,/home/runner/work/2026_fire_protection/2026_fire_protection/data/2026_diavgeia.csv,/home/runner/work/2026_fire_protection/2026_fire_protection/data/pdf_pages_dataset.csv,/home/runner/work/2026_fire_protection/2026_fire_protection/data/2026_diavgeia_filtered.csv,34,6749,2174,4575,2174,0,0,2174,True,NONE
2026-03-20 14:42:35,/home/runner/work/2026_fire_protection/2026_fire_protection/data/2026_diavgeia.csv,/home/runner/work/2026_fire_protection/2026_fire_protection/data/pdf_pages_dataset.csv,/home/runner/work/2026_fire_protection/2026_fire_protection/data/2026_diavgeia_filtered.csv,34,6757,2177,4580,2177,0,0,2177,True,NONE
2026-03-20 18:48:52,/home/runner/work/2026_fire_protection/2026_fire_protection/data/2026_diavgeia.csv,/home/runner/work/2026_fire_protection/2026_fire_protection/data/pdf_pages_dataset.csv,/home/runner/work/2026_fire_protection/2026_fire_protection/data/2026_diavgeia_filtered.csv,34,6757,2177,4580,2177,0,0,2177,True,NONE
2026-03-21 05:40:32,/home/runner/work/2026_fire_protection/2026_fire_protection/data/2026_diavgeia.csv,/home/runner/work/2026_fire_protection/2026_fire_protection/data/pdf_pages_dataset.csv,/home/runner/work/2026_fire_protection/2026_fire_protection/data/2026_diavgeia_filtered.csv,34,6757,2177,4580,2177,0,0,2177,True,NONE
2026-03-21 08:32:43,/home/runner/work/2026_fire_protection/2026_fire_protection/data/2026_diavgeia.csv,/home/runner/work/2026_fire_protection/2026_fire_protection/data/pdf_pages_dataset.csv,/home/runner/work/2026_fire_protection/2026_fire_protection/data/2026_diavgeia_filtered.csv,34,6757,2177,4580,2177,0,0,2177,True,NONE
2026-03-21 14:26:28,/home/runner/work/2026_fire_protection/2026_fire_protection/data/2026_diavgeia.csv,/home/runner/work/2026_fire_protection/2026_fire_protection/data/pdf_pages_dataset.csv,/home/runner/work/2026_fire_protection/2026_fire_protection/data/2026_diavgeia_filtered.csv,34,6757,2177,4580,2177,0,0,2177,True,NONE
2026-03-21 18:35:50,/home/runner/work/2026_fire_protection/2026_fire_protection/data/2026_diavgeia.csv,/home/runner/work/2026_fire_protection/2026_fire_protection/data/pdf_pages_dataset.csv,/home/runner/work/2026_fire_protection/2026_fire_protection/data/2026_diavgeia_filtered.csv,34,6757,2177,4580,2177,0,0,2177,True,NONE
2026-03-21 23:35:36,/Users/troboukis/Code/fire_protection_2026/data/2026_diavgeia.csv,/Users/troboukis/Code/fire_protection_2026/data/pdf_pages_dataset.csv,/Users/troboukis/Code/fire_protection_2026/data/2026_diavgeia_filtered.csv,34,6757,5997,760,2177,5856,6534,5997,True,NONE
2026-03-22 05:53:37,/home/runner/work/2026_fire_protection/2026_fire_protection/data/2026_diavgeia.csv,/home/runner/work/2026_fire_protection/2026_fire_protection/data/pdf_pages_dataset.csv,/home/runner/work/2026_fire_protection/2026_fire_protection/data/2026_diavgeia_filtered.csv,34,6757,2177,4580,2177,0,0,2177,True,NONE
2026-03-22 08:34:08,/home/runner/work/2026_fire_protection/2026_fire_protection/data/2026_diavgeia.csv,/home/runner/work/2026_fire_protection/2026_fire_protection/data/pdf_pages_dataset.csv,/home/runner/work/2026_fire_protection/2026_fire_protection/data/2026_diavgeia_filtered.csv,34,6757,2177,4580,2177,0,0,2177,True,NONE
2026-03-22 16:10:38,/Users/troboukis/Code/fire_protection_2026/data/2026_diavgeia.csv,/Users/troboukis/Code/fire_protection_2026/data/pdf_pages_dataset.csv,/Users/troboukis/Code/fire_protection_2026/data/2026_diavgeia_filtered.csv,34,6757,5997,760,2177,5856,6534,5997,True,NONE
2026-03-22 14:28:19,/home/runner/work/2026_fire_protection/2026_fire_protection/data/2026_diavgeia.csv,/home/runner/work/2026_fire_protection/2026_fire_protection/data/pdf_pages_dataset.csv,/home/runner/work/2026_fire_protection/2026_fire_protection/data/2026_diavgeia_filtered.csv,34,6757,2177,4580,2177,0,0,2177,True,NONE
2026-03-22 18:36:52,/home/runner/work/2026_fire_protection/2026_fire_protection/data/2026_diavgeia.csv,/home/runner/work/2026_fire_protection/2026_fire_protection/data/pdf_pages_dataset.csv,/home/runner/work/2026_fire_protection/2026_fire_protection/data/2026_diavgeia_filtered.csv,34,6757,2177,4580,2177,0,0,2177,True,NONE
2026-03-23 06:11:14,/home/runner/work/2026_fire_protection/2026_fire_protection/data/2026_diavgeia.csv,/home/runner/work/2026_fire_protection/2026_fire_protection/data/pdf_pages_dataset.csv,/home/runner/work/2026_fire_protection/2026_fire_protection/data/2026_diavgeia_filtered.csv,34,6757,2177,4580,2177,0,0,2177,True,NONE
2026-03-23 08:55:39,/home/runner/work/2026_fire_protection/2026_fire_protection/data/2026_diavgeia.csv,/home/runner/work/2026_fire_protection/2026_fire_protection/data/pdf_pages_dataset.csv,/home/runner/work/2026_fire_protection/2026_fire_protection/data/2026_diavgeia_filtered.csv,34,6758,2177,4581,2177,0,0,2177,True,NONE
2026-03-23 14:54:34,/home/runner/work/2026_fire_protection/2026_fire_protection/data/2026_diavgeia.csv,/home/runner/work/2026_fire_protection/2026_fire_protection/data/pdf_pages_dataset.csv,/home/runner/work/2026_fire_protection/2026_fire_protection/data/2026_diavgeia_filtered.csv,34,6767,2180,4587,2180,0,0,2180,True,NONE
2026-03-23 18:54:15,/home/runner/work/2026_fire_protection/2026_fire_protection/data/2026_diavgeia.csv,/home/runner/work/2026_fire_protection/2026_fire_protection/data/pdf_pages_dataset.csv,/home/runner/work/2026_fire_protection/2026_fire_protection/data/2026_diavgeia_filtered.csv,34,6767,2180,4587,2180,0,0,2180,True,NONE
2026-03-24 05:59:53,/home/runner/work/2026_fire_protection/2026_fire_protection/data/2026_diavgeia.csv,/home/runner/work/2026_fire_protection/2026_fire_protection/data/pdf_pages_dataset.csv,/home/runner/work/2026_fire_protection/2026_fire_protection/data/2026_diavgeia_filtered.csv,34,6767,2180,4587,2180,0,0,2180,True,NONE
2026-03-24 08:53:39,/home/runner/work/2026_fire_protection/2026_fire_protection/data/2026_diavgeia.csv,/home/runner/work/2026_fire_protection/2026_fire_protection/data/pdf_pages_dataset.csv,/home/runner/work/2026_fire_protection/2026_fire_protection/data/2026_diavgeia_filtered.csv,34,6772,2182,4590,2182,0,0,2182,True,NONE
2026-03-24 15:01:44,/home/runner/work/2026_fire_protection/2026_fire_protection/data/2026_diavgeia.csv,/home/runner/work/2026_fire_protection/2026_fire_protection/data/pdf_pages_dataset.csv,/home/runner/work/2026_fire_protection/2026_fire_protection/data/2026_diavgeia_filtered.csv,34,6779,2186,4593,2186,0,0,2186,True,NONE
2026-03-24 19:02:29,/home/runner/work/2026_fire_protection/2026_fire_protection/data/2026_diavgeia.csv,/home/runner/work/2026_fire_protection/2026_fire_protection/data/pdf_pages_dataset.csv,/home/runner/work/2026_fire_protection/2026_fire_protection/data/2026_diavgeia_filtered.csv,34,6780,2187,4593,2187,0,0,2187,True,NONE
2026-03-25 06:00:32,/home/runner/work/2026_fire_protection/2026_fire_protection/data/2026_diavgeia.csv,/home/runner/work/2026_fire_protection/2026_fire_protection/data/pdf_pages_dataset.csv,/home/runner/work/2026_fire_protection/2026_fire_protection/data/2026_diavgeia_filtered.csv,34,6780,2187,4593,2187,0,0,2187,True,NONE
2026-03-25 08:51:52,/home/runner/work/2026_fire_protection/2026_fire_protection/data/2026_diavgeia.csv,/home/runner/work/2026_fire_protection/2026_fire_protection/data/pdf_pages_dataset.csv,/home/runner/work/2026_fire_protection/2026_fire_protection/data/2026_diavgeia_filtered.csv,34,6780,2187,4593,2187,0,0,2187,True,NONE
2026-03-25 11:22:54,/Users/troboukis/Code/fire_protection_2026/data/2026_diavgeia.csv,/Users/troboukis/Code/fire_protection_2026/data/pdf_pages_dataset.csv,/Users/troboukis/Code/fire_protection_2026/data/2026_diavgeia_filtered.csv,34,6780,6007,773,2187,5856,6534,6007,True,NONE
2026-03-25 12:47:45,/Users/troboukis/Code/fire_protection_2026/data/2026_diavgeia.csv,/Users/troboukis/Code/fire_protection_2026/data/pdf_pages_dataset.csv,/Users/troboukis/Code/fire_protection_2026/data/2026_diavgeia_filtered.csv,34,6780,6007,773,2187,5856,6534,6007,True,NONE
2026-03-25 14:58:50,/home/runner/work/2026_fire_protection/2026_fire_protection/data/2026_diavgeia.csv,/home/runner/work/2026_fire_protection/2026_fire_protection/data/pdf_pages_dataset.csv,/home/runner/work/2026_fire_protection/2026_fire_protection/data/2026_diavgeia_filtered.csv,34,6780,2187,4593,2187,0,0,2187,True,NONE
2026-03-25 18:55:49,/home/runner/work/2026_fire_protection/2026_fire_protection/data/2026_diavgeia.csv,/home/runner/work/2026_fire_protection/2026_fire_protection/data/pdf_pages_dataset.csv,/home/runner/work/2026_fire_protection/2026_fire_protection/data/2026_diavgeia_filtered.csv,34,6780,2187,4593,2187,0,0,2187,True,NONE
2026-03-26 06:15:29,/home/runner/work/2026_fire_protection/2026_fire_protection/data/2026_diavgeia.csv,/home/runner/work/2026_fire_protection/2026_fire_protection/data/pdf_pages_dataset.csv,/home/runner/work/2026_fire_protection/2026_fire_protection/data/2026_diavgeia_filtered.csv,34,6780,2187,4593,2187,0,0,2187,True,NONE
2026-03-26 08:55:54,/home/runner/work/2026_fire_protection/2026_fire_protection/data/2026_diavgeia.csv,/home/runner/work/2026_fire_protection/2026_fire_protection/data/pdf_pages_dataset.csv,/home/runner/work/2026_fire_protection/2026_fire_protection/data/2026_diavgeia_filtered.csv,34,6787,2188,4599,2188,0,0,2188,True,NONE
2026-03-26 15:04:37,/home/runner/work/2026_fire_protection/2026_fire_protection/data/2026_diavgeia.csv,/home/runner/work/2026_fire_protection/2026_fire_protection/data/pdf_pages_dataset.csv,/home/runner/work/2026_fire_protection/2026_fire_protection/data/2026_diavgeia_filtered.csv,34,6796,2190,4606,2190,0,0,2190,True,NONE
2026-03-26 19:04:19,/home/runner/work/2026_fire_protection/2026_fire_protection/data/2026_diavgeia.csv,/home/runner/work/2026_fire_protection/2026_fire_protection/data/pdf_pages_dataset.csv,/home/runner/work/2026_fire_protection/2026_fire_protection/data/2026_diavgeia_filtered.csv,34,6796,2190,4606,2190,0,0,2190,True,NONE
2026-03-27 06:13:35,/home/runner/work/2026_fire_protection/2026_fire_protection/data/2026_diavgeia.csv,/home/runner/work/2026_fire_protection/2026_fire_protection/data/pdf_pages_dataset.csv,/home/runner/work/2026_fire_protection/2026_fire_protection/data/2026_diavgeia_filtered.csv,34,6796,2190,4606,2190,0,0,2190,True,NONE
2026-03-27 08:53:13,/home/runner/work/2026_fire_protection/2026_fire_protection/data/2026_diavgeia.csv,/home/runner/work/2026_fire_protection/2026_fire_protection/data/pdf_pages_dataset.csv,/home/runner/work/2026_fire_protection/2026_fire_protection/data/2026_diavgeia_filtered.csv,34,6806,2192,4614,2192,0,0,2192,True,NONE
2026-03-27 14:50:10,/home/runner/work/2026_fire_protection/2026_fire_protection/data/2026_diavgeia.csv,/home/runner/work/2026_fire_protection/2026_fire_protection/data/pdf_pages_dataset.csv,/home/runner/work/2026_fire_protection/2026_fire_protection/data/2026_diavgeia_filtered.csv,34,6813,2194,4619,2194,0,0,2194,True,NONE
2026-03-27 18:55:30,/home/runner/work/2026_fire_protection/2026_fire_protection/data/2026_diavgeia.csv,/home/runner/work/2026_fire_protection/2026_fire_protection/data/pdf_pages_dataset.csv,/home/runner/work/2026_fire_protection/2026_fire_protection/data/2026_diavgeia_filtered.csv,34,6814,2194,4620,2194,0,0,2194,True,NONE
2026-03-27 23:58:15,/Users/troboukis/Code/fire_protection_2026/data/2026_diavgeia.csv,/Users/troboukis/Code/fire_protection_2026/data/pdf_pages_dataset.csv,/Users/troboukis/Code/fire_protection_2026/data/2026_diavgeia_filtered.csv,34,6814,6014,800,2194,5856,6534,6014,True,NONE
2026-03-28 05:56:58,/home/runner/work/2026_fire_protection/2026_fire_protection/data/2026_diavgeia.csv,/home/runner/work/2026_fire_protection/2026_fire_protection/data/pdf_pages_dataset.csv,/home/runner/work/2026_fire_protection/2026_fire_protection/data/2026_diavgeia_filtered.csv,34,6814,2194,4620,2194,0,0,2194,True,NONE
2026-03-28 08:38:52,/home/runner/work/2026_fire_protection/2026_fire_protection/data/2026_diavgeia.csv,/home/runner/work/2026_fire_protection/2026_fire_protection/data/pdf_pages_dataset.csv,/home/runner/work/2026_fire_protection/2026_fire_protection/data/2026_diavgeia_filtered.csv,34,6814,2194,4620,2194,0,0,2194,True,NONE
2026-03-28 13:56:40,/Users/troboukis/Code/fire_protection_2026/data/2026_diavgeia.csv,/Users/troboukis/Code/fire_protection_2026/data/pdf_pages_dataset.csv,/Users/troboukis/Code/fire_protection_2026/data/2026_diavgeia_filtered.csv,34,6814,6014,800,2194,5856,6534,6014,True,NONE
2026-03-28 14:31:53,/home/runner/work/2026_fire_protection/2026_fire_protection/data/2026_diavgeia.csv,/home/runner/work/2026_fire_protection/2026_fire_protection/data/pdf_pages_dataset.csv,/home/runner/work/2026_fire_protection/2026_fire_protection/data/2026_diavgeia_filtered.csv,34,6814,2194,4620,2194,0,0,2194,True,NONE
2026-03-28 18:39:48,/home/runner/work/2026_fire_protection/2026_fire_protection/data/2026_diavgeia.csv,/home/runner/work/2026_fire_protection/2026_fire_protection/data/pdf_pages_dataset.csv,/home/runner/work/2026_fire_protection/2026_fire_protection/data/2026_diavgeia_filtered.csv,34,6814,2194,4620,2194,0,0,2194,True,NONE
2026-03-29 06:12:02,/home/runner/work/2026_fire_protection/2026_fire_protection/data/2026_diavgeia.csv,/home/runner/work/2026_fire_protection/2026_fire_protection/data/pdf_pages_dataset.csv,/home/runner/work/2026_fire_protection/2026_fire_protection/data/2026_diavgeia_filtered.csv,34,6815,2195,4620,2195,0,0,2195,True,NONE
2026-03-29 08:39:30,/home/runner/work/2026_fire_protection/2026_fire_protection/data/2026_diavgeia.csv,/home/runner/work/2026_fire_protection/2026_fire_protection/data/pdf_pages_dataset.csv,/home/runner/work/2026_fire_protection/2026_fire_protection/data/2026_diavgeia_filtered.csv,34,6815,2195,4620,2195,0,0,2195,True,NONE
2026-03-29 15:10:05,/home/runner/work/2026_fire_protection/2026_fire_protection/data/2026_diavgeia.csv,/home/runner/work/2026_fire_protection/2026_fire_protection/data/pdf_pages_dataset.csv,/home/runner/work/2026_fire_protection/2026_fire_protection/data/2026_diavgeia_filtered.csv,34,6815,2195,4620,2195,0,0,2195,True,NONE
2026-03-29 15:25:18,/home/runner/work/2026_fire_protection/2026_fire_protection/data/2026_diavgeia.csv,/home/runner/work/2026_fire_protection/2026_fire_protection/data/pdf_pages_dataset.csv,/home/runner/work/2026_fire_protection/2026_fire_protection/data/2026_diavgeia_filtered.csv,34,6815,2195,4620,2195,0,0,2195,True,NONE
2026-03-29 18:41:26,/home/runner/work/2026_fire_protection/2026_fire_protection/data/2026_diavgeia.csv,/home/runner/work/2026_fire_protection/2026_fire_protection/data/pdf_pages_dataset.csv,/home/runner/work/2026_fire_protection/2026_fire_protection/data/2026_diavgeia_filtered.csv,34,6815,2195,4620,2195,0,0,2195,True,NONE
2026-03-30 06:30:08,/home/runner/work/2026_fire_protection/2026_fire_protection/data/2026_diavgeia.csv,/home/runner/work/2026_fire_protection/2026_fire_protection/data/pdf_pages_dataset.csv,/home/runner/work/2026_fire_protection/2026_fire_protection/data/2026_diavgeia_filtered.csv,34,6816,2195,4621,2195,0,0,2195,True,NONE
2026-03-30 09:11:50,/home/runner/work/2026_fire_protection/2026_fire_protection/data/2026_diavgeia.csv,/home/runner/work/2026_fire_protection/2026_fire_protection/data/pdf_pages_dataset.csv,/home/runner/work/2026_fire_protection/2026_fire_protection/data/2026_diavgeia_filtered.csv,34,6822,2197,4625,2197,0,0,2197,True,NONE
2026-03-30 15:03:10,/home/runner/work/2026_fire_protection/2026_fire_protection/data/2026_diavgeia.csv,/home/runner/work/2026_fire_protection/2026_fire_protection/data/pdf_pages_dataset.csv,/home/runner/work/2026_fire_protection/2026_fire_protection/data/2026_diavgeia_filtered.csv,34,6832,2201,4631,2201,0,0,2201,True,NONE
2026-03-30 18:58:58,/home/runner/work/2026_fire_protection/2026_fire_protection/data/2026_diavgeia.csv,/home/runner/work/2026_fire_protection/2026_fire_protection/data/pdf_pages_dataset.csv,/home/runner/work/2026_fire_protection/2026_fire_protection/data/2026_diavgeia_filtered.csv,34,6832,2201,4631,2201,0,0,2201,True,NONE
2026-03-31 08:50:06,/home/runner/work/2026_fire_protection/2026_fire_protection/data/2026_diavgeia.csv,/home/runner/work/2026_fire_protection/2026_fire_protection/data/pdf_pages_dataset.csv,/home/runner/work/2026_fire_protection/2026_fire_protection/data/2026_diavgeia_filtered.csv,34,6840,2201,4639,2201,0,0,2201,True,NONE
2026-03-31 08:59:15,/home/runner/work/2026_fire_protection/2026_fire_protection/data/2026_diavgeia.csv,/home/runner/work/2026_fire_protection/2026_fire_protection/data/pdf_pages_dataset.csv,/home/runner/work/2026_fire_protection/2026_fire_protection/data/2026_diavgeia_filtered.csv,34,6841,2201,4640,2201,0,0,2201,True,NONE
2026-03-31 15:02:11,/home/runner/work/2026_fire_protection/2026_fire_protection/data/2026_diavgeia.csv,/home/runner/work/2026_fire_protection/2026_fire_protection/data/pdf_pages_dataset.csv,/home/runner/work/2026_fire_protection/2026_fire_protection/data/2026_diavgeia_filtered.csv,34,6848,2202,4646,2202,0,0,2202,True,NONE
2026-03-31 22:12:07,/Users/troboukis/Code/fire_protection_2026/data/2026_diavgeia.csv,/Users/troboukis/Code/fire_protection_2026/data/pdf_pages_dataset.csv,/Users/troboukis/Code/fire_protection_2026/data/2026_diavgeia_filtered.csv,34,6848,6022,826,2202,5856,6534,6022,True,NONE
2026-04-01 06:26:50,/home/runner/work/2026_fire_protection/2026_fire_protection/data/2026_diavgeia.csv,/home/runner/work/2026_fire_protection/2026_fire_protection/data/pdf_pages_dataset.csv,/home/runner/work/2026_fire_protection/2026_fire_protection/data/2026_diavgeia_filtered.csv,34,6850,2202,4648,2202,0,0,2202,True,NONE
2026-04-01 09:03:54,/home/runner/work/2026_fire_protection/2026_fire_protection/data/2026_diavgeia.csv,/home/runner/work/2026_fire_protection/2026_fire_protection/data/pdf_pages_dataset.csv,/home/runner/work/2026_fire_protection/2026_fire_protection/data/2026_diavgeia_filtered.csv,34,6852,2202,4650,2202,0,0,2202,True,NONE
2026-04-01 15:04:06,/home/runner/work/2026_fire_protection/2026_fire_protection/data/2026_diavgeia.csv,/home/runner/work/2026_fire_protection/2026_fire_protection/data/pdf_pages_dataset.csv,/home/runner/work/2026_fire_protection/2026_fire_protection/data/2026_diavgeia_filtered.csv,34,6856,2203,4653,2203,0,0,2203,True,NONE
2026-04-01 19:01:20,/home/runner/work/2026_fire_protection/2026_fire_protection/data/2026_diavgeia.csv,/home/runner/work/2026_fire_protection/2026_fire_protection/data/pdf_pages_dataset.csv,/home/runner/work/2026_fire_protection/2026_fire_protection/data/2026_diavgeia_filtered.csv,34,6856,2203,4653,2203,0,0,2203,True,NONE
2026-04-02 06:12:44,/home/runner/work/2026_fire_protection/2026_fire_protection/data/2026_diavgeia.csv,/home/runner/work/2026_fire_protection/2026_fire_protection/data/pdf_pages_dataset.csv,/home/runner/work/2026_fire_protection/2026_fire_protection/data/2026_diavgeia_filtered.csv,34,6857,2204,4653,2204,0,0,2204,True,NONE
2026-04-02 08:56:20,/home/runner/work/2026_fire_protection/2026_fire_protection/data/2026_diavgeia.csv,/home/runner/work/2026_fire_protection/2026_fire_protection/data/pdf_pages_dataset.csv,/home/runner/work/2026_fire_protection/2026_fire_protection/data/2026_diavgeia_filtered.csv,34,6858,2204,4654,2204,0,0,2204,True,NONE
2026-04-02 14:55:59,/home/runner/work/2026_fire_protection/2026_fire_protection/data/2026_diavgeia.csv,/home/runner/work/2026_fire_protection/2026_fire_protection/data/pdf_pages_dataset.csv,/home/runner/work/2026_fire_protection/2026_fire_protection/data/2026_diavgeia_filtered.csv,34,6864,2207,4657,2207,0,0,2207,True,NONE
2026-04-02 18:56:33,/home/runner/work/2026_fire_protection/2026_fire_protection/data/2026_diavgeia.csv,/home/runner/work/2026_fire_protection/2026_fire_protection/data/pdf_pages_dataset.csv,/home/runner/work/2026_fire_protection/2026_fire_protection/data/2026_diavgeia_filtered.csv,34,6864,2207,4657,2207,0,0,2207,True,NONE
2026-04-02 22:15:08,/Users/troboukis/Code/fire_protection_2026/data/2026_diavgeia.csv,/Users/troboukis/Code/fire_protection_2026/data/pdf_pages_dataset.csv,/Users/troboukis/Code/fire_protection_2026/data/2026_diavgeia_filtered.csv,34,6864,6027,837,2207,5856,6534,6027,True,NONE
2026-04-03 06:12:53,/home/runner/work/2026_fire_protection/2026_fire_protection/data/2026_diavgeia.csv,/home/runner/work/2026_fire_protection/2026_fire_protection/data/pdf_pages_dataset.csv,/home/runner/work/2026_fire_protection/2026_fire_protection/data/2026_diavgeia_filtered.csv,34,6864,2207,4657,2207,0,0,2207,True,NONE
2026-04-03 08:53:49,/home/runner/work/2026_fire_protection/2026_fire_protection/data/2026_diavgeia.csv,/home/runner/work/2026_fire_protection/2026_fire_protection/data/pdf_pages_dataset.csv,/home/runner/work/2026_fire_protection/2026_fire_protection/data/2026_diavgeia_filtered.csv,34,6878,2214,4664,2214,0,0,2214,True,NONE
2026-04-03 14:42:04,/home/runner/work/2026_fire_protection/2026_fire_protection/data/2026_diavgeia.csv,/home/runner/work/2026_fire_protection/2026_fire_protection/data/pdf_pages_dataset.csv,/home/runner/work/2026_fire_protection/2026_fire_protection/data/2026_diavgeia_filtered.csv,34,6891,2219,4672,2219,0,0,2219,True,NONE
2026-04-03 19:11:30,/Users/troboukis/Code/fire_protection_2026/data/2026_diavgeia.csv,/Users/troboukis/Code/fire_protection_2026/data/pdf_pages_dataset.csv,/Users/troboukis/Code/fire_protection_2026/data/2026_diavgeia_filtered.csv,34,6891,6039,852,2219,5856,6534,6039,True,NONE
2026-04-04 05:57:06,/home/runner/work/2026_fire_protection/2026_fire_protection/data/2026_diavgeia.csv,/home/runner/work/2026_fire_protection/2026_fire_protection/data/pdf_pages_dataset.csv,/home/runner/work/2026_fire_protection/2026_fire_protection/data/2026_diavgeia_filtered.csv,34,6891,2219,4672,2219,0,0,2219,True,NONE
2026-04-04 08:40:39,/home/runner/work/2026_fire_protection/2026_fire_protection/data/2026_diavgeia.csv,/home/runner/work/2026_fire_protection/2026_fire_protection/data/pdf_pages_dataset.csv,/home/runner/work/2026_fire_protection/2026_fire_protection/data/2026_diavgeia_filtered.csv,34,6891,2219,4672,2219,0,0,2219,True,NONE
2026-04-04 14:33:23,/home/runner/work/2026_fire_protection/2026_fire_protection/data/2026_diavgeia.csv,/home/runner/work/2026_fire_protection/2026_fire_protection/data/pdf_pages_dataset.csv,/home/runner/work/2026_fire_protection/2026_fire_protection/data/2026_diavgeia_filtered.csv,34,6892,2219,4673,2219,0,0,2219,True,NONE
2026-04-04 18:41:33,/home/runner/work/2026_fire_protection/2026_fire_protection/data/2026_diavgeia.csv,/home/runner/work/2026_fire_protection/2026_fire_protection/data/pdf_pages_dataset.csv,/home/runner/work/2026_fire_protection/2026_fire_protection/data/2026_diavgeia_filtered.csv,34,6894,2221,4673,2221,0,0,2221,True,NONE
2026-04-05 06:14:28,/home/runner/work/2026_fire_protection/2026_fire_protection/data/2026_diavgeia.csv,/home/runner/work/2026_fire_protection/2026_fire_protection/data/pdf_pages_dataset.csv,/home/runner/work/2026_fire_protection/2026_fire_protection/data/2026_diavgeia_filtered.csv,34,6894,2221,4673,2221,0,0,2221,True,NONE
2026-04-05 08:42:39,/home/runner/work/2026_fire_protection/2026_fire_protection/data/2026_diavgeia.csv,/home/runner/work/2026_fire_protection/2026_fire_protection/data/pdf_pages_dataset.csv,/home/runner/work/2026_fire_protection/2026_fire_protection/data/2026_diavgeia_filtered.csv,34,6894,2221,4673,2221,0,0,2221,True,NONE
2026-04-06 11:07:37,/Users/troboukis/Code/fire_protection_2026/data/2026_diavgeia.csv,/Users/troboukis/Code/fire_protection_2026/data/pdf_pages_dataset.csv,/Users/troboukis/Code/fire_protection_2026/data/2026_diavgeia_filtered.csv,34,6899,6043,856,2223,5856,6534,6043,True,NONE
2026-04-06 11:29:50,/Users/troboukis/Code/fire_protection_2026/data/2026_diavgeia.csv,/Users/troboukis/Code/fire_protection_2026/data/pdf_pages_dataset.csv,/Users/troboukis/Code/fire_protection_2026/data/2026_diavgeia_filtered.csv,34,6902,6044,858,2224,5856,6534,6044,True,NONE
2026-04-06 08:37:44,/home/runner/work/2026_fire_protection/2026_fire_protection/data/2026_diavgeia.csv,/home/runner/work/2026_fire_protection/2026_fire_protection/data/pdf_pages_dataset.csv,/home/runner/work/2026_fire_protection/2026_fire_protection/data/2026_diavgeia_filtered.csv,34,6902,2224,4678,2224,0,0,2224,True,NONE
2026-04-06 09:08:23,/home/runner/work/2026_fire_protection/2026_fire_protection/data/2026_diavgeia.csv,/home/runner/work/2026_fire_protection/2026_fire_protection/data/pdf_pages_dataset.csv,/home/runner/work/2026_fire_protection/2026_fire_protection/data/2026_diavgeia_filtered.csv,34,6903,2224,4679,2224,0,0,2224,True,NONE
2026-04-06 14:45:58,/home/runner/work/2026_fire_protection/2026_fire_protection/data/2026_diavgeia.csv,/home/runner/work/2026_fire_protection/2026_fire_protection/data/pdf_pages_dataset.csv,/home/runner/work/2026_fire_protection/2026_fire_protection/data/2026_diavgeia_filtered.csv,34,6907,2225,4682,2225,0,0,2225,True,NONE
2026-04-06 18:58:54,/home/runner/work/2026_fire_protection/2026_fire_protection/data/2026_diavgeia.csv,/home/runner/work/2026_fire_protection/2026_fire_protection/data/pdf_pages_dataset.csv,/home/runner/work/2026_fire_protection/2026_fire_protection/data/2026_diavgeia_filtered.csv,34,6909,2227,4682,2227,0,0,2227,True,NONE
2026-04-07 06:21:04,/home/runner/work/2026_fire_protection/2026_fire_protection/data/2026_diavgeia.csv,/home/runner/work/2026_fire_protection/2026_fire_protection/data/pdf_pages_dataset.csv,/home/runner/work/2026_fire_protection/2026_fire_protection/data/2026_diavgeia_filtered.csv,34,6909,2227,4682,2227,0,0,2227,True,NONE
2026-04-07 09:02:11,/home/runner/work/2026_fire_protection/2026_fire_protection/data/2026_diavgeia.csv,/home/runner/work/2026_fire_protection/2026_fire_protection/data/pdf_pages_dataset.csv,/home/runner/work/2026_fire_protection/2026_fire_protection/data/2026_diavgeia_filtered.csv,34,6913,2228,4685,2228,0,0,2228,True,NONE
2026-04-07 15:07:48,/home/runner/work/2026_fire_protection/2026_fire_protection/data/2026_diavgeia.csv,/home/runner/work/2026_fire_protection/2026_fire_protection/data/pdf_pages_dataset.csv,/home/runner/work/2026_fire_protection/2026_fire_protection/data/2026_diavgeia_filtered.csv,34,6925,2231,4694,2231,0,0,2231,True,NONE
2026-04-07 19:02:40,/home/runner/work/2026_fire_protection/2026_fire_protection/data/2026_diavgeia.csv,/home/runner/work/2026_fire_protection/2026_fire_protection/data/pdf_pages_dataset.csv,/home/runner/work/2026_fire_protection/2026_fire_protection/data/2026_diavgeia_filtered.csv,34,6926,2231,4695,2231,0,0,2231,True,NONE
2026-04-08 06:23:07,/home/runner/work/2026_fire_protection/2026_fire_protection/data/2026_diavgeia.csv,/home/runner/work/2026_fire_protection/2026_fire_protection/data/pdf_pages_dataset.csv,/home/runner/work/2026_fire_protection/2026_fire_protection/data/2026_diavgeia_filtered.csv,34,6926,2231,4695,2231,0,0,2231,True,NONE
2026-04-08 09:00:41,/home/runner/work/2026_fire_protection/2026_fire_protection/data/2026_diavgeia.csv,/home/runner/work/2026_fire_protection/2026_fire_protection/data/pdf_pages_dataset.csv,/home/runner/work/2026_fire_protection/2026_fire_protection/data/2026_diavgeia_filtered.csv,34,6931,2235,4696,2235,0,0,2235,True,NONE
2026-04-08 15:09:54,/home/runner/work/2026_fire_protection/2026_fire_protection/data/2026_diavgeia.csv,/home/runner/work/2026_fire_protection/2026_fire_protection/data/pdf_pages_dataset.csv,/home/runner/work/2026_fire_protection/2026_fire_protection/data/2026_diavgeia_filtered.csv,34,6940,2239,4701,2239,0,0,2239,True,NONE
2026-04-08 19:15:28,/home/runner/work/2026_fire_protection/2026_fire_protection/data/2026_diavgeia.csv,/home/runner/work/2026_fire_protection/2026_fire_protection/data/pdf_pages_dataset.csv,/home/runner/work/2026_fire_protection/2026_fire_protection/data/2026_diavgeia_filtered.csv,34,6940,2239,4701,2239,0,0,2239,True,NONE
2026-04-09 06:25:30,/home/runner/work/2026_fire_protection/2026_fire_protection/data/2026_diavgeia.csv,/home/runner/work/2026_fire_protection/2026_fire_protection/data/pdf_pages_dataset.csv,/home/runner/work/2026_fire_protection/2026_fire_protection/data/2026_diavgeia_filtered.csv,34,6942,2239,4703,2239,0,0,2239,True,NONE
2026-04-09 09:07:20,/home/runner/work/2026_fire_protection/2026_fire_protection/data/2026_diavgeia.csv,/home/runner/work/2026_fire_protection/2026_fire_protection/data/pdf_pages_dataset.csv,/home/runner/work/2026_fire_protection/2026_fire_protection/data/2026_diavgeia_filtered.csv,34,6947,2239,4708,2239,0,0,2239,True,NONE
2026-04-09 15:22:46,/home/runner/work/2026_fire_protection/2026_fire_protection/data/2026_diavgeia.csv,/home/runner/work/2026_fire_protection/2026_fire_protection/data/pdf_pages_dataset.csv,/home/runner/work/2026_fire_protection/2026_fire_protection/data/2026_diavgeia_filtered.csv,34,6947,2239,4708,2239,0,0,2239,True,NONE
2026-04-09 19:07:14,/home/runner/work/2026_fire_protection/2026_fire_protection/data/2026_diavgeia.csv,/home/runner/work/2026_fire_protection/2026_fire_protection/data/pdf_pages_dataset.csv,/home/runner/work/2026_fire_protection/2026_fire_protection/data/2026_diavgeia_filtered.csv,34,6947,2239,4708,2239,0,0,2239,True,NONE
2026-04-10 06:53:19,/home/runner/work/2026_fire_protection/2026_fire_protection/data/2026_diavgeia.csv,/home/runner/work/2026_fire_protection/2026_fire_protection/data/pdf_pages_dataset.csv,/home/runner/work/2026_fire_protection/2026_fire_protection/data/2026_diavgeia_filtered.csv,34,6947,2239,4708,2239,0,0,2239,True,NONE
2026-04-10 09:08:25,/home/runner/work/2026_fire_protection/2026_fire_protection/data/2026_diavgeia.csv,/home/runner/work/2026_fire_protection/2026_fire_protection/data/pdf_pages_dataset.csv,/home/runner/work/2026_fire_protection/2026_fire_protection/data/2026_diavgeia_filtered.csv,34,6947,2239,4708,2239,0,0,2239,True,NONE
2026-04-10 14:47:40,/home/runner/work/2026_fire_protection/2026_fire_protection/data/2026_diavgeia.csv,/home/runner/work/2026_fire_protection/2026_fire_protection/data/pdf_pages_dataset.csv,/home/runner/work/2026_fire_protection/2026_fire_protection/data/2026_diavgeia_filtered.csv,34,6947,2239,4708,2239,0,0,2239,True,NONE
2026-04-10 18:52:42,/home/runner/work/2026_fire_protection/2026_fire_protection/data/2026_diavgeia.csv,/home/runner/work/2026_fire_protection/2026_fire_protection/data/pdf_pages_dataset.csv,/home/runner/work/2026_fire_protection/2026_fire_protection/data/2026_diavgeia_filtered.csv,34,6947,2239,4708,2239,0,0,2239,True,NONE
2026-04-11 06:00:56,/home/runner/work/2026_fire_protection/2026_fire_protection/data/2026_diavgeia.csv,/home/runner/work/2026_fire_protection/2026_fire_protection/data/pdf_pages_dataset.csv,/home/runner/work/2026_fire_protection/2026_fire_protection/data/2026_diavgeia_filtered.csv,34,6947,2239,4708,2239,0,0,2239,True,NONE
2026-04-11 08:41:33,/home/runner/work/2026_fire_protection/2026_fire_protection/data/2026_diavgeia.csv,/home/runner/work/2026_fire_protection/2026_fire_protection/data/pdf_pages_dataset.csv,/home/runner/work/2026_fire_protection/2026_fire_protection/data/2026_diavgeia_filtered.csv,34,6947,2239,4708,2239,0,0,2239,True,NONE
2026-04-11 14:36:51,/home/runner/work/2026_fire_protection/2026_fire_protection/data/2026_diavgeia.csv,/home/runner/work/2026_fire_protection/2026_fire_protection/data/pdf_pages_dataset.csv,/home/runner/work/2026_fire_protection/2026_fire_protection/data/2026_diavgeia_filtered.csv,34,6947,2239,4708,2239,0,0,2239,True,NONE
2026-04-11 18:42:57,/home/runner/work/2026_fire_protection/2026_fire_protection/data/2026_diavgeia.csv,/home/runner/work/2026_fire_protection/2026_fire_protection/data/pdf_pages_dataset.csv,/home/runner/work/2026_fire_protection/2026_fire_protection/data/2026_diavgeia_filtered.csv,34,6947,2239,4708,2239,0,0,2239,True,NONE
2026-04-12 06:23:52,/home/runner/work/2026_fire_protection/2026_fire_protection/data/2026_diavgeia.csv,/home/runner/work/2026_fire_protection/2026_fire_protection/data/pdf_pages_dataset.csv,/home/runner/work/2026_fire_protection/2026_fire_protection/data/2026_diavgeia_filtered.csv,34,6947,2239,4708,2239,0,0,2239,True,NONE
2026-04-12 08:46:35,/home/runner/work/2026_fire_protection/2026_fire_protection/data/2026_diavgeia.csv,/home/runner/work/2026_fire_protection/2026_fire_protection/data/pdf_pages_dataset.csv,/home/runner/work/2026_fire_protection/2026_fire_protection/data/2026_diavgeia_filtered.csv,34,6947,2239,4708,2239,0,0,2239,True,NONE
2026-04-12 14:39:25,/home/runner/work/2026_fire_protection/2026_fire_protection/data/2026_diavgeia.csv,/home/runner/work/2026_fire_protection/2026_fire_protection/data/pdf_pages_dataset.csv,/home/runner/work/2026_fire_protection/2026_fire_protection/data/2026_diavgeia_filtered.csv,34,6947,2239,4708,2239,0,0,2239,True,NONE
2026-04-12 18:47:45,/home/runner/work/2026_fire_protection/2026_fire_protection/data/2026_diavgeia.csv,/home/runner/work/2026_fire_protection/2026_fire_protection/data/pdf_pages_dataset.csv,/home/runner/work/2026_fire_protection/2026_fire_protection/data/2026_diavgeia_filtered.csv,34,6947,2239,4708,2239,0,0,2239,True,NONE
2026-04-13 07:13:55,/home/runner/work/2026_fire_protection/2026_fire_protection/data/2026_diavgeia.csv,/home/runner/work/2026_fire_protection/2026_fire_protection/data/pdf_pages_dataset.csv,/home/runner/work/2026_fire_protection/2026_fire_protection/data/2026_diavgeia_filtered.csv,34,6947,2239,4708,2239,0,0,2239,True,NONE
2026-04-13 09:54:32,/home/runner/work/2026_fire_protection/2026_fire_protection/data/2026_diavgeia.csv,/home/runner/work/2026_fire_protection/2026_fire_protection/data/pdf_pages_dataset.csv,/home/runner/work/2026_fire_protection/2026_fire_protection/data/2026_diavgeia_filtered.csv,34,6947,2239,4708,2239,0,0,2239,True,NONE
2026-04-13 15:15:31,/home/runner/work/2026_fire_protection/2026_fire_protection/data/2026_diavgeia.csv,/home/runner/work/2026_fire_protection/2026_fire_protection/data/pdf_pages_dataset.csv,/home/runner/work/2026_fire_protection/2026_fire_protection/data/2026_diavgeia_filtered.csv,34,6947,2239,4708,2239,0,0,2239,True,NONE
2026-04-13 19:13:47,/home/runner/work/2026_fire_protection/2026_fire_protection/data/2026_diavgeia.csv,/home/runner/work/2026_fire_protection/2026_fire_protection/data/pdf_pages_dataset.csv,/home/runner/work/2026_fire_protection/2026_fire_protection/data/2026_diavgeia_filtered.csv,34,6947,2239,4708,2239,0,0,2239,True,NONE
2026-04-14 06:53:11,/home/runner/work/2026_fire_protection/2026_fire_protection/data/2026_diavgeia.csv,/home/runner/work/2026_fire_protection/2026_fire_protection/data/pdf_pages_dataset.csv,/home/runner/work/2026_fire_protection/2026_fire_protection/data/2026_diavgeia_filtered.csv,34,6947,2239,4708,2239,0,0,2239,True,NONE
2026-04-14 09:17:41,/home/runner/work/2026_fire_protection/2026_fire_protection/data/2026_diavgeia.csv,/home/runner/work/2026_fire_protection/2026_fire_protection/data/pdf_pages_dataset.csv,/home/runner/work/2026_fire_protection/2026_fire_protection/data/2026_diavgeia_filtered.csv,34,6949,2240,4709,2240,0,0,2240,True,NONE
2026-04-14 15:20:37,/home/runner/work/2026_fire_protection/2026_fire_protection/data/2026_diavgeia.csv,/home/runner/work/2026_fire_protection/2026_fire_protection/data/pdf_pages_dataset.csv,/home/runner/work/2026_fire_protection/2026_fire_protection/data/2026_diavgeia_filtered.csv,34,6954,2241,4713,2241,0,0,2241,True,NONE
2026-04-14 19:14:25,/home/runner/work/2026_fire_protection/2026_fire_protection/data/2026_diavgeia.csv,/home/runner/work/2026_fire_protection/2026_fire_protection/data/pdf_pages_dataset.csv,/home/runner/work/2026_fire_protection/2026_fire_protection/data/2026_diavgeia_filtered.csv,34,6954,2241,4713,2241,0,0,2241,True,NONE
2026-04-15 06:54:55,/home/runner/work/2026_fire_protection/2026_fire_protection/data/2026_diavgeia.csv,/home/runner/work/2026_fire_protection/2026_fire_protection/data/pdf_pages_dataset.csv,/home/runner/work/2026_fire_protection/2026_fire_protection/data/2026_diavgeia_filtered.csv,34,6954,2241,4713,2241,0,0,2241,True,NONE
2026-04-15 09:19:11,/home/runner/work/2026_fire_protection/2026_fire_protection/data/2026_diavgeia.csv,/home/runner/work/2026_fire_protection/2026_fire_protection/data/pdf_pages_dataset.csv,/home/runner/work/2026_fire_protection/2026_fire_protection/data/2026_diavgeia_filtered.csv,34,6956,2241,4715,2241,0,0,2241,True,NONE
2026-04-15 15:05:35,/home/runner/work/2026_fire_protection/2026_fire_protection/data/2026_diavgeia.csv,/home/runner/work/2026_fire_protection/2026_fire_protection/data/pdf_pages_dataset.csv,/home/runner/work/2026_fire_protection/2026_fire_protection/data/2026_diavgeia_filtered.csv,34,6960,2243,4717,2243,0,0,2243,True,NONE
2026-04-15 19:16:58,/home/runner/work/2026_fire_protection/2026_fire_protection/data/2026_diavgeia.csv,/home/runner/work/2026_fire_protection/2026_fire_protection/data/pdf_pages_dataset.csv,/home/runner/work/2026_fire_protection/2026_fire_protection/data/2026_diavgeia_filtered.csv,34,6961,2243,4718,2243,0,0,2243,True,NONE
2026-04-16 06:57:30,/home/runner/work/2026_fire_protection/2026_fire_protection/data/2026_diavgeia.csv,/home/runner/work/2026_fire_protection/2026_fire_protection/data/pdf_pages_dataset.csv,/home/runner/work/2026_fire_protection/2026_fire_protection/data/2026_diavgeia_filtered.csv,34,6962,2244,4718,2244,0,0,2244,True,NONE
2026-04-16 09:18:56,/home/runner/work/2026_fire_protection/2026_fire_protection/data/2026_diavgeia.csv,/home/runner/work/2026_fire_protection/2026_fire_protection/data/pdf_pages_dataset.csv,/home/runner/work/2026_fire_protection/2026_fire_protection/data/2026_diavgeia_filtered.csv,34,6963,2245,4718,2245,0,0,2245,True,NONE
2026-04-16 15:25:58,/home/runner/work/2026_fire_protection/2026_fire_protection/data/2026_diavgeia.csv,/home/runner/work/2026_fire_protection/2026_fire_protection/data/pdf_pages_dataset.csv,/home/runner/work/2026_fire_protection/2026_fire_protection/data/2026_diavgeia_filtered.csv,34,6968,2245,4723,2245,0,0,2245,True,NONE
2026-04-16 21:54:47,/Users/troboukis/Code/fire_protection_2026/data/2026_diavgeia.csv,/Users/troboukis/Code/fire_protection_2026/data/pdf_pages_dataset.csv,/Users/troboukis/Code/fire_protection_2026/data/2026_diavgeia_filtered.csv,34,6969,6067,902,2245,5858,6536,6067,True,NONE
2026-04-16 19:12:20,/home/runner/work/2026_fire_protection/2026_fire_protection/data/2026_diavgeia.csv,/home/runner/work/2026_fire_protection/2026_fire_protection/data/pdf_pages_dataset.csv,/home/runner/work/2026_fire_protection/2026_fire_protection/data/2026_diavgeia_filtered.csv,34,6969,2245,4724,2245,0,0,2245,True,NONE
2026-04-17 06:58:23,/home/runner/work/2026_fire_protection/2026_fire_protection/data/2026_diavgeia.csv,/home/runner/work/2026_fire_protection/2026_fire_protection/data/pdf_pages_dataset.csv,/home/runner/work/2026_fire_protection/2026_fire_protection/data/2026_diavgeia_filtered.csv,34,6969,2245,4724,2245,0,0,2245,True,NONE
2026-04-17 09:17:16,/home/runner/work/2026_fire_protection/2026_fire_protection/data/2026_diavgeia.csv,/home/runner/work/2026_fire_protection/2026_fire_protection/data/pdf_pages_dataset.csv,/home/runner/work/2026_fire_protection/2026_fire_protection/data/2026_diavgeia_filtered.csv,34,6969,2245,4724,2245,0,0,2245,True,NONE
2026-04-17 14:55:27,/home/runner/work/2026_fire_protection/2026_fire_protection/data/2026_diavgeia.csv,/home/runner/work/2026_fire_protection/2026_fire_protection/data/pdf_pages_dataset.csv,/home/runner/work/2026_fire_protection/2026_fire_protection/data/2026_diavgeia_filtered.csv,34,6981,2246,4735,2246,0,0,2246,True,NONE
2026-04-17 18:59:37,/home/runner/work/2026_fire_protection/2026_fire_protection/data/2026_diavgeia.csv,/home/runner/work/2026_fire_protection/2026_fire_protection/data/pdf_pages_dataset.csv,/home/runner/work/2026_fire_protection/2026_fire_protection/data/2026_diavgeia_filtered.csv,34,6981,2246,4735,2246,0,0,2246,True,NONE
2026-04-18 06:13:58,/home/runner/work/2026_fire_protection/2026_fire_protection/data/2026_diavgeia.csv,/home/runner/work/2026_fire_protection/2026_fire_protection/data/pdf_pages_dataset.csv,/home/runner/work/2026_fire_protection/2026_fire_protection/data/2026_diavgeia_filtered.csv,34,6981,2246,4735,2246,0,0,2246,True,NONE
2026-04-18 08:49:46,/home/runner/work/2026_fire_protection/2026_fire_protection/data/2026_diavgeia.csv,/home/runner/work/2026_fire_protection/2026_fire_protection/data/pdf_pages_dataset.csv,/home/runner/work/2026_fire_protection/2026_fire_protection/data/2026_diavgeia_filtered.csv,34,6981,2246,4735,2246,0,0,2246,True,NONE
2026-04-18 14:39:03,/home/runner/work/2026_fire_protection/2026_fire_protection/data/2026_diavgeia.csv,/home/runner/work/2026_fire_protection/2026_fire_protection/data/pdf_pages_dataset.csv,/home/runner/work/2026_fire_protection/2026_fire_protection/data/2026_diavgeia_filtered.csv,34,6981,2246,4735,2246,0,0,2246,True,NONE
2026-04-18 18:51:04,/home/runner/work/2026_fire_protection/2026_fire_protection/data/2026_diavgeia.csv,/home/runner/work/2026_fire_protection/2026_fire_protection/data/pdf_pages_dataset.csv,/home/runner/work/2026_fire_protection/2026_fire_protection/data/2026_diavgeia_filtered.csv,34,6981,2246,4735,2246,0,0,2246,True,NONE
2026-04-19 06:28:27,/home/runner/work/2026_fire_protection/2026_fire_protection/data/2026_diavgeia.csv,/home/runner/work/2026_fire_protection/2026_fire_protection/data/pdf_pages_dataset.csv,/home/runner/work/2026_fire_protection/2026_fire_protection/data/2026_diavgeia_filtered.csv,34,6981,2246,4735,2246,0,0,2246,True,NONE
2026-04-19 08:53:39,/home/runner/work/2026_fire_protection/2026_fire_protection/data/2026_diavgeia.csv,/home/runner/work/2026_fire_protection/2026_fire_protection/data/pdf_pages_dataset.csv,/home/runner/work/2026_fire_protection/2026_fire_protection/data/2026_diavgeia_filtered.csv,34,6981,2246,4735,2246,0,0,2246,True,NONE
2026-04-19 14:39:50,/home/runner/work/2026_fire_protection/2026_fire_protection/data/2026_diavgeia.csv,/home/runner/work/2026_fire_protection/2026_fire_protection/data/pdf_pages_dataset.csv,/home/runner/work/2026_fire_protection/2026_fire_protection/data/2026_diavgeia_filtered.csv,34,6981,2246,4735,2246,0,0,2246,True,NONE
2026-04-19 18:50:59,/home/runner/work/2026_fire_protection/2026_fire_protection/data/2026_diavgeia.csv,/home/runner/work/2026_fire_protection/2026_fire_protection/data/pdf_pages_dataset.csv,/home/runner/work/2026_fire_protection/2026_fire_protection/data/2026_diavgeia_filtered.csv,34,6981,2246,4735,2246,0,0,2246,True,NONE
2026-04-20 07:16:18,/home/runner/work/2026_fire_protection/2026_fire_protection/data/2026_diavgeia.csv,/home/runner/work/2026_fire_protection/2026_fire_protection/data/pdf_pages_dataset.csv,/home/runner/work/2026_fire_protection/2026_fire_protection/data/2026_diavgeia_filtered.csv,34,6986,2246,4740,2246,0,0,2246,True,NONE
2026-04-20 09:58:54,/home/runner/work/2026_fire_protection/2026_fire_protection/data/2026_diavgeia.csv,/home/runner/work/2026_fire_protection/2026_fire_protection/data/pdf_pages_dataset.csv,/home/runner/work/2026_fire_protection/2026_fire_protection/data/2026_diavgeia_filtered.csv,34,6988,2246,4742,2246,0,0,2246,True,NONE
2026-04-20 15:16:21,/home/runner/work/2026_fire_protection/2026_fire_protection/data/2026_diavgeia.csv,/home/runner/work/2026_fire_protection/2026_fire_protection/data/pdf_pages_dataset.csv,/home/runner/work/2026_fire_protection/2026_fire_protection/data/2026_diavgeia_filtered.csv,34,6990,2247,4743,2247,0,0,2247,True,NONE
2026-04-20 19:04:24,/home/runner/work/2026_fire_protection/2026_fire_protection/data/2026_diavgeia.csv,/home/runner/work/2026_fire_protection/2026_fire_protection/data/pdf_pages_dataset.csv,/home/runner/work/2026_fire_protection/2026_fire_protection/data/2026_diavgeia_filtered.csv,34,6990,2247,4743,2247,0,0,2247,True,NONE
2026-04-21 06:59:14,/home/runner/work/2026_fire_protection/2026_fire_protection/data/2026_diavgeia.csv,/home/runner/work/2026_fire_protection/2026_fire_protection/data/pdf_pages_dataset.csv,/home/runner/work/2026_fire_protection/2026_fire_protection/data/2026_diavgeia_filtered.csv,34,6990,2247,4743,2247,0,0,2247,True,NONE
2026-04-21 10:36:14,/Users/troboukis/Code/fire_protection_2026/data/2026_diavgeia.csv,/Users/troboukis/Code/fire_protection_2026/data/pdf_pages_dataset.csv,/Users/troboukis/Code/fire_protection_2026/data/2026_diavgeia_filtered.csv,34,6990,6069,921,2247,5858,6536,6069,True,NONE
2026-04-21 09:26:09,/home/runner/work/2026_fire_protection/2026_fire_protection/data/2026_diavgeia.csv,/home/runner/work/2026_fire_protection/2026_fire_protection/data/pdf_pages_dataset.csv,/home/runner/work/2026_fire_protection/2026_fire_protection/data/2026_diavgeia_filtered.csv,34,6995,2250,4745,2250,0,0,2250,True,NONE
2026-04-21 12:59:10,/Users/troboukis/Code/fire_protection_2026/data/2026_diavgeia.csv,/Users/troboukis/Code/fire_protection_2026/data/pdf_pages_dataset.csv,/Users/troboukis/Code/fire_protection_2026/data/2026_diavgeia_filtered.csv,34,6996,6072,924,2250,5858,6536,6072,True,NONE
2026-04-21 13:03:13,/Users/troboukis/Code/fire_protection_2026/data/2026_diavgeia.csv,/Users/troboukis/Code/fire_protection_2026/data/pdf_pages_dataset.csv,/Users/troboukis/Code/fire_protection_2026/data/2026_diavgeia_filtered.csv,34,6996,6072,924,2250,5858,6536,6072,True,NONE
2026-04-21 15:43:48,/Users/troboukis/Code/fire_protection_2026/data/2026_diavgeia.csv,/Users/troboukis/Code/fire_protection_2026/data/pdf_pages_dataset.csv,/Users/troboukis/Code/fire_protection_2026/data/2026_diavgeia_filtered.csv,34,6998,6072,926,2250,5858,6536,6072,True,NONE
2026-04-21 15:13:06,/home/runner/work/2026_fire_protection/2026_fire_protection/data/2026_diavgeia.csv,/home/runner/work/2026_fire_protection/2026_fire_protection/data/pdf_pages_dataset.csv,/home/runner/work/2026_fire_protection/2026_fire_protection/data/2026_diavgeia_filtered.csv,34,6998,2250,4748,2250,0,0,2250,True,NONE
2026-04-21 19:10:20,/home/runner/work/2026_fire_protection/2026_fire_protection/data/2026_diavgeia.csv,/home/runner/work/2026_fire_protection/2026_fire_protection/data/pdf_pages_dataset.csv,/home/runner/work/2026_fire_protection/2026_fire_protection/data/2026_diavgeia_filtered.csv,34,6998,2250,4748,2250,0,0,2250,True,NONE
2026-04-22 06:59:50,/home/runner/work/2026_fire_protection/2026_fire_protection/data/2026_diavgeia.csv,/home/runner/work/2026_fire_protection/2026_fire_protection/data/pdf_pages_dataset.csv,/home/runner/work/2026_fire_protection/2026_fire_protection/data/2026_diavgeia_filtered.csv,34,6998,2250,4748,2250,0,0,2250,True,NONE
2026-04-22 09:20:44,/home/runner/work/2026_fire_protection/2026_fire_protection/data/2026_diavgeia.csv,/home/runner/work/2026_fire_protection/2026_fire_protection/data/pdf_pages_dataset.csv,/home/runner/work/2026_fire_protection/2026_fire_protection/data/2026_diavgeia_filtered.csv,34,7007,2250,4757,2250,0,0,2250,True,NONE
2026-04-22 15:13:07,/home/runner/work/2026_fire_protection/2026_fire_protection/data/2026_diavgeia.csv,/home/runner/work/2026_fire_protection/2026_fire_protection/data/pdf_pages_dataset.csv,/home/runner/work/2026_fire_protection/2026_fire_protection/data/2026_diavgeia_filtered.csv,34,7015,2250,4765,2250,0,0,2250,True,NONE
2026-04-22 19:12:10,/home/runner/work/2026_fire_protection/2026_fire_protection/data/2026_diavgeia.csv,/home/runner/work/2026_fire_protection/2026_fire_protection/data/pdf_pages_dataset.csv,/home/runner/work/2026_fire_protection/2026_fire_protection/data/2026_diavgeia_filtered.csv,34,7015,2250,4765,2250,0,0,2250,True,NONE
2026-04-22 23:49:23,/Users/troboukis/Code/fire_protection_2026/data/2026_diavgeia.csv,/Users/troboukis/Code/fire_protection_2026/data/pdf_pages_dataset.csv,/Users/troboukis/Code/fire_protection_2026/data/2026_diavgeia_filtered.csv,34,7015,6072,943,2250,5858,6536,6072,True,NONE
2026-04-23 07:01:23,/home/runner/work/2026_fire_protection/2026_fire_protection/data/2026_diavgeia.csv,/home/runner/work/2026_fire_protection/2026_fire_protection/data/pdf_pages_dataset.csv,/home/runner/work/2026_fire_protection/2026_fire_protection/data/2026_diavgeia_filtered.csv,34,7017,2250,4767,2250,0,0,2250,True,NONE
2026-04-23 09:27:52,/home/runner/work/2026_fire_protection/2026_fire_protection/data/2026_diavgeia.csv,/home/runner/work/2026_fire_protection/2026_fire_protection/data/pdf_pages_dataset.csv,/home/runner/work/2026_fire_protection/2026_fire_protection/data/2026_diavgeia_filtered.csv,34,7023,2253,4770,2253,0,0,2253,True,NONE
2026-04-23 15:52:35,/home/runner/work/2026_fire_protection/2026_fire_protection/data/2026_diavgeia.csv,/home/runner/work/2026_fire_protection/2026_fire_protection/data/pdf_pages_dataset.csv,/home/runner/work/2026_fire_protection/2026_fire_protection/data/2026_diavgeia_filtered.csv,34,7030,2256,4774,2256,0,0,2256,True,NONE
2026-04-23 19:10:40,/home/runner/work/2026_fire_protection/2026_fire_protection/data/2026_diavgeia.csv,/home/runner/work/2026_fire_protection/2026_fire_protection/data/pdf_pages_dataset.csv,/home/runner/work/2026_fire_protection/2026_fire_protection/data/2026_diavgeia_filtered.csv,34,7030,2256,4774,2256,0,0,2256,True,NONE
2026-04-23 23:11:00,/Users/troboukis/Code/fire_protection_2026/data/2026_diavgeia.csv,/Users/troboukis/Code/fire_protection_2026/data/pdf_pages_dataset.csv,/Users/troboukis/Code/fire_protection_2026/data/2026_diavgeia_filtered.csv,34,7030,6078,952,2256,5858,6536,6078,True,NONE
2026-04-24 06:12:05,/home/runner/work/2026_fire_protection/2026_fire_protection/data/2026_diavgeia.csv,/home/runner/work/2026_fire_protection/2026_fire_protection/data/pdf_pages_dataset.csv,/home/runner/work/2026_fire_protection/2026_fire_protection/data/2026_diavgeia_filtered.csv,34,7031,2256,4775,2256,0,0,2256,True,NONE
2026-04-24 07:04:43,/home/runner/work/2026_fire_protection/2026_fire_protection/data/2026_diavgeia.csv,/home/runner/work/2026_fire_protection/2026_fire_protection/data/pdf_pages_dataset.csv,/home/runner/work/2026_fire_protection/2026_fire_protection/data/2026_diavgeia_filtered.csv,34,7031,2256,4775,2256,0,0,2256,True,NONE
2026-04-24 09:45:17,/home/runner/work/2026_fire_protection/2026_fire_protection/data/2026_diavgeia.csv,/home/runner/work/2026_fire_protection/2026_fire_protection/data/pdf_pages_dataset.csv,/home/runner/work/2026_fire_protection/2026_fire_protection/data/2026_diavgeia_filtered.csv,34,7037,2256,4781,2256,0,0,2256,True,NONE
2026-04-24 14:07:41,/Users/troboukis/Code/fire_protection_2026/data/2026_diavgeia.csv,/Users/troboukis/Code/fire_protection_2026/data/pdf_pages_dataset.csv,/Users/troboukis/Code/fire_protection_2026/data/2026_diavgeia_filtered.csv,34,7040,6078,962,2256,5858,6536,6078,True,NONE
2026-04-24 15:08:04,/home/runner/work/2026_fire_protection/2026_fire_protection/data/2026_diavgeia.csv,/home/runner/work/2026_fire_protection/2026_fire_protection/data/pdf_pages_dataset.csv,/home/runner/work/2026_fire_protection/2026_fire_protection/data/2026_diavgeia_filtered.csv,34,7042,2256,4786,2256,0,0,2256,True,NONE
2026-04-24 18:50:12,/home/runner/work/2026_fire_protection/2026_fire_protection/data/2026_diavgeia.csv,/home/runner/work/2026_fire_protection/2026_fire_protection/data/pdf_pages_dataset.csv,/home/runner/work/2026_fire_protection/2026_fire_protection/data/2026_diavgeia_filtered.csv,34,7042,2256,4786,2256,0,0,2256,True,NONE
2026-04-25 05:20:24,/home/runner/work/2026_fire_protection/2026_fire_protection/data/2026_diavgeia.csv,/home/runner/work/2026_fire_protection/2026_fire_protection/data/pdf_pages_dataset.csv,/home/runner/work/2026_fire_protection/2026_fire_protection/data/2026_diavgeia_filtered.csv,34,7042,2256,4786,2256,0,0,2256,True,NONE
2026-04-25 06:20:49,/home/runner/work/2026_fire_protection/2026_fire_protection/data/2026_diavgeia.csv,/home/runner/work/2026_fire_protection/2026_fire_protection/data/pdf_pages_dataset.csv,/home/runner/work/2026_fire_protection/2026_fire_protection/data/2026_diavgeia_filtered.csv,34,7042,2256,4786,2256,0,0,2256,True,NONE
2026-04-25 08:52:13,/home/runner/work/2026_fire_protection/2026_fire_protection/data/2026_diavgeia.csv,/home/runner/work/2026_fire_protection/2026_fire_protection/data/pdf_pages_dataset.csv,/home/runner/work/2026_fire_protection/2026_fire_protection/data/2026_diavgeia_filtered.csv,34,7042,2256,4786,2256,0,0,2256,True,NONE
2026-04-25 14:41:08,/home/runner/work/2026_fire_protection/2026_fire_protection/data/2026_diavgeia.csv,/home/runner/work/2026_fire_protection/2026_fire_protection/data/pdf_pages_dataset.csv,/home/runner/work/2026_fire_protection/2026_fire_protection/data/2026_diavgeia_filtered.csv,34,7042,2256,4786,2256,0,0,2256,True,NONE
2026-04-25 18:52:18,/home/runner/work/2026_fire_protection/2026_fire_protection/data/2026_diavgeia.csv,/home/runner/work/2026_fire_protection/2026_fire_protection/data/pdf_pages_dataset.csv,/home/runner/work/2026_fire_protection/2026_fire_protection/data/2026_diavgeia_filtered.csv,34,7042,2256,4786,2256,0,0,2256,True,NONE
2026-04-26 06:59:08,/home/runner/work/2026_fire_protection/2026_fire_protection/data/2026_diavgeia.csv,/home/runner/work/2026_fire_protection/2026_fire_protection/data/pdf_pages_dataset.csv,/home/runner/work/2026_fire_protection/2026_fire_protection/data/2026_diavgeia_filtered.csv,34,7042,2256,4786,2256,0,0,2256,True,NONE
2026-04-26 09:00:19,/home/runner/work/2026_fire_protection/2026_fire_protection/data/2026_diavgeia.csv,/home/runner/work/2026_fire_protection/2026_fire_protection/data/pdf_pages_dataset.csv,/home/runner/work/2026_fire_protection/2026_fire_protection/data/2026_diavgeia_filtered.csv,34,7042,2256,4786,2256,0,0,2256,True,NONE
2026-04-26 14:42:20,/home/runner/work/2026_fire_protection/2026_fire_protection/data/2026_diavgeia.csv,/home/runner/work/2026_fire_protection/2026_fire_protection/data/pdf_pages_dataset.csv,/home/runner/work/2026_fire_protection/2026_fire_protection/data/2026_diavgeia_filtered.csv,34,7042,2256,4786,2256,0,0,2256,True,NONE
2026-04-26 18:53:39,/home/runner/work/2026_fire_protection/2026_fire_protection/data/2026_diavgeia.csv,/home/runner/work/2026_fire_protection/2026_fire_protection/data/pdf_pages_dataset.csv,/home/runner/work/2026_fire_protection/2026_fire_protection/data/2026_diavgeia_filtered.csv,34,7042,2256,4786,2256,0,0,2256,True,NONE
2026-04-27 07:34:47,/home/runner/work/2026_fire_protection/2026_fire_protection/data/2026_diavgeia.csv,/home/runner/work/2026_fire_protection/2026_fire_protection/data/pdf_pages_dataset.csv,/home/runner/work/2026_fire_protection/2026_fire_protection/data/2026_diavgeia_filtered.csv,34,7044,2256,4788,2256,0,0,2256,True,NONE
2026-04-27 10:14:34,/home/runner/work/2026_fire_protection/2026_fire_protection/data/2026_diavgeia.csv,/home/runner/work/2026_fire_protection/2026_fire_protection/data/pdf_pages_dataset.csv,/home/runner/work/2026_fire_protection/2026_fire_protection/data/2026_diavgeia_filtered.csv,34,7046,2257,4789,2257,0,0,2257,True,NONE
2026-04-27 15:47:55,/home/runner/work/2026_fire_protection/2026_fire_protection/data/2026_diavgeia.csv,/home/runner/work/2026_fire_protection/2026_fire_protection/data/pdf_pages_dataset.csv,/home/runner/work/2026_fire_protection/2026_fire_protection/data/2026_diavgeia_filtered.csv,34,7047,2257,4790,2257,0,0,2257,True,NONE
2026-04-27 19:20:16,/home/runner/work/2026_fire_protection/2026_fire_protection/data/2026_diavgeia.csv,/home/runner/work/2026_fire_protection/2026_fire_protection/data/pdf_pages_dataset.csv,/home/runner/work/2026_fire_protection/2026_fire_protection/data/2026_diavgeia_filtered.csv,34,7047,2257,4790,2257,0,0,2257,True,NONE
2026-04-28 07:31:35,/home/runner/work/2026_fire_protection/2026_fire_protection/data/2026_diavgeia.csv,/home/runner/work/2026_fire_protection/2026_fire_protection/data/pdf_pages_dataset.csv,/home/runner/work/2026_fire_protection/2026_fire_protection/data/2026_diavgeia_filtered.csv,34,7051,2258,4793,2258,0,0,2258,True,NONE
2026-04-28 10:13:27,/home/runner/work/2026_fire_protection/2026_fire_protection/data/2026_diavgeia.csv,/home/runner/work/2026_fire_protection/2026_fire_protection/data/pdf_pages_dataset.csv,/home/runner/work/2026_fire_protection/2026_fire_protection/data/2026_diavgeia_filtered.csv,34,7053,2258,4795,2258,0,0,2258,True,NONE
2026-04-28 14:48:54,/home/runner/work/2026_fire_protection/2026_fire_protection/data/2026_diavgeia.csv,/home/runner/work/2026_fire_protection/2026_fire_protection/data/pdf_pages_dataset.csv,/home/runner/work/2026_fire_protection/2026_fire_protection/data/2026_diavgeia_filtered.csv,34,7057,2260,4797,2260,0,0,2260,True,NONE
2026-04-28 18:01:09,/Users/troboukis/Code/fire_protection_2026/data/2026_diavgeia.csv,/Users/troboukis/Code/fire_protection_2026/data/pdf_pages_dataset.csv,/Users/troboukis/Code/fire_protection_2026/data/2026_diavgeia_filtered.csv,34,7058,6082,976,2260,5858,6536,6082,True,NONE
2026-04-29 05:45:24,/home/runner/work/2026_fire_protection/2026_fire_protection/data/2026_diavgeia.csv,/home/runner/work/2026_fire_protection/2026_fire_protection/data/pdf_pages_dataset.csv,/home/runner/work/2026_fire_protection/2026_fire_protection/data/2026_diavgeia_filtered.csv,34,7059,2260,4799,2260,0,0,2260,True,NONE
2026-04-29 07:55:58,/home/runner/work/2026_fire_protection/2026_fire_protection/data/2026_diavgeia.csv,/home/runner/work/2026_fire_protection/2026_fire_protection/data/pdf_pages_dataset.csv,/home/runner/work/2026_fire_protection/2026_fire_protection/data/2026_diavgeia_filtered.csv,34,7060,2260,4800,2260,0,0,2260,True,NONE
2026-04-29 10:46:31,/home/runner/work/2026_fire_protection/2026_fire_protection/data/2026_diavgeia.csv,/home/runner/work/2026_fire_protection/2026_fire_protection/data/pdf_pages_dataset.csv,/home/runner/work/2026_fire_protection/2026_fire_protection/data/2026_diavgeia_filtered.csv,34,7066,2263,4803,2263,0,0,2263,True,NONE
2026-04-29 15:02:12,/home/runner/work/2026_fire_protection/2026_fire_protection/data/2026_diavgeia.csv,/home/runner/work/2026_fire_protection/2026_fire_protection/data/pdf_pages_dataset.csv,/home/runner/work/2026_fire_protection/2026_fire_protection/data/2026_diavgeia_filtered.csv,34,7072,2266,4806,2266,0,0,2266,True,NONE
2026-04-30 05:49:08,/home/runner/work/2026_fire_protection/2026_fire_protection/data/2026_diavgeia.csv,/home/runner/work/2026_fire_protection/2026_fire_protection/data/pdf_pages_dataset.csv,/home/runner/work/2026_fire_protection/2026_fire_protection/data/2026_diavgeia_filtered.csv,34,7074,2267,4807,2267,0,0,2267,True,NONE
2026-04-30 07:58:31,/home/runner/work/2026_fire_protection/2026_fire_protection/data/2026_diavgeia.csv,/home/runner/work/2026_fire_protection/2026_fire_protection/data/pdf_pages_dataset.csv,/home/runner/work/2026_fire_protection/2026_fire_protection/data/2026_diavgeia_filtered.csv,34,7082,2272,4810,2272,0,0,2272,True,NONE
2026-04-30 11:45:58,/Users/troboukis/Code/fire_protection_2026/data/2026_diavgeia.csv,/Users/troboukis/Code/fire_protection_2026/data/pdf_pages_dataset.csv,/Users/troboukis/Code/fire_protection_2026/data/2026_diavgeia_filtered.csv,34,7082,6095,987,2272,5859,6537,6095,True,NONE
2026-04-30 10:45:22,/home/runner/work/2026_fire_protection/2026_fire_protection/data/2026_diavgeia.csv,/home/runner/work/2026_fire_protection/2026_fire_protection/data/pdf_pages_dataset.csv,/home/runner/work/2026_fire_protection/2026_fire_protection/data/2026_diavgeia_filtered.csv,34,7083,2272,4811,2272,0,0,2272,True,NONE
2026-04-30 15:08:01,/Users/troboukis/Code/fire_protection_2026/data/2026_diavgeia.csv,/Users/troboukis/Code/fire_protection_2026/data/pdf_pages_dataset.csv,/Users/troboukis/Code/fire_protection_2026/data/2026_diavgeia_filtered.csv,34,7084,6096,988,2273,5859,6537,6096,True,NONE
2026-04-30 14:57:48,/home/runner/work/2026_fire_protection/2026_fire_protection/data/2026_diavgeia.csv,/home/runner/work/2026_fire_protection/2026_fire_protection/data/pdf_pages_dataset.csv,/home/runner/work/2026_fire_protection/2026_fire_protection/data/2026_diavgeia_filtered.csv,34,7084,2273,4811,2273,0,0,2273,True,NONE
2026-05-01 05:58:51,/home/runner/work/2026_fire_protection/2026_fire_protection/data/2026_diavgeia.csv,/home/runner/work/2026_fire_protection/2026_fire_protection/data/pdf_pages_dataset.csv,/home/runner/work/2026_fire_protection/2026_fire_protection/data/2026_diavgeia_filtered.csv,34,7084,2273,4811,2273,0,0,2273,True,NONE
2026-05-01 08:06:55,/home/runner/work/2026_fire_protection/2026_fire_protection/data/2026_diavgeia.csv,/home/runner/work/2026_fire_protection/2026_fire_protection/data/pdf_pages_dataset.csv,/home/runner/work/2026_fire_protection/2026_fire_protection/data/2026_diavgeia_filtered.csv,34,7084,2273,4811,2273,0,0,2273,True,NONE
2026-05-01 10:14:43,/home/runner/work/2026_fire_protection/2026_fire_protection/data/2026_diavgeia.csv,/home/runner/work/2026_fire_protection/2026_fire_protection/data/pdf_pages_dataset.csv,/home/runner/work/2026_fire_protection/2026_fire_protection/data/2026_diavgeia_filtered.csv,34,7084,2273,4811,2273,0,0,2273,True,NONE
2026-05-01 14:12:48,/home/runner/work/2026_fire_protection/2026_fire_protection/data/2026_diavgeia.csv,/home/runner/work/2026_fire_protection/2026_fire_protection/data/pdf_pages_dataset.csv,/home/runner/work/2026_fire_protection/2026_fire_protection/data/2026_diavgeia_filtered.csv,34,7084,2273,4811,2273,0,0,2273,True,NONE
2026-05-02 05:28:39,/home/runner/work/2026_fire_protection/2026_fire_protection/data/2026_diavgeia.csv,/home/runner/work/2026_fire_protection/2026_fire_protection/data/pdf_pages_dataset.csv,/home/runner/work/2026_fire_protection/2026_fire_protection/data/2026_diavgeia_filtered.csv,34,7084,2273,4811,2273,0,0,2273,True,NONE
2026-05-02 07:18:26,/home/runner/work/2026_fire_protection/2026_fire_protection/data/2026_diavgeia.csv,/home/runner/work/2026_fire_protection/2026_fire_protection/data/pdf_pages_dataset.csv,/home/runner/work/2026_fire_protection/2026_fire_protection/data/2026_diavgeia_filtered.csv,34,7084,2273,4811,2273,0,0,2273,True,NONE
2026-05-02 09:52:24,/home/runner/work/2026_fire_protection/2026_fire_protection/data/2026_diavgeia.csv,/home/runner/work/2026_fire_protection/2026_fire_protection/data/pdf_pages_dataset.csv,/home/runner/work/2026_fire_protection/2026_fire_protection/data/2026_diavgeia_filtered.csv,34,7084,2273,4811,2273,0,0,2273,True,NONE
2026-05-02 14:03:55,/home/runner/work/2026_fire_protection/2026_fire_protection/data/2026_diavgeia.csv,/home/runner/work/2026_fire_protection/2026_fire_protection/data/pdf_pages_dataset.csv,/home/runner/work/2026_fire_protection/2026_fire_protection/data/2026_diavgeia_filtered.csv,34,7084,2273,4811,2273,0,0,2273,True,NONE
2026-05-03 05:49:08,/home/runner/work/2026_fire_protection/2026_fire_protection/data/2026_diavgeia.csv,/home/runner/work/2026_fire_protection/2026_fire_protection/data/pdf_pages_dataset.csv,/home/runner/work/2026_fire_protection/2026_fire_protection/data/2026_diavgeia_filtered.csv,34,7084,2273,4811,2273,0,0,2273,True,NONE
2026-05-03 07:44:23,/home/runner/work/2026_fire_protection/2026_fire_protection/data/2026_diavgeia.csv,/home/runner/work/2026_fire_protection/2026_fire_protection/data/pdf_pages_dataset.csv,/home/runner/work/2026_fire_protection/2026_fire_protection/data/2026_diavgeia_filtered.csv,34,7084,2273,4811,2273,0,0,2273,True,NONE
2026-05-03 09:58:25,/home/runner/work/2026_fire_protection/2026_fire_protection/data/2026_diavgeia.csv,/home/runner/work/2026_fire_protection/2026_fire_protection/data/pdf_pages_dataset.csv,/home/runner/work/2026_fire_protection/2026_fire_protection/data/2026_diavgeia_filtered.csv,34,7084,2273,4811,2273,0,0,2273,True,NONE
2026-05-03 14:04:48,/home/runner/work/2026_fire_protection/2026_fire_protection/data/2026_diavgeia.csv,/home/runner/work/2026_fire_protection/2026_fire_protection/data/pdf_pages_dataset.csv,/home/runner/work/2026_fire_protection/2026_fire_protection/data/2026_diavgeia_filtered.csv,34,7084,2273,4811,2273,0,0,2273,True,NONE
2026-05-04 05:54:29,/home/runner/work/2026_fire_protection/2026_fire_protection/data/2026_diavgeia.csv,/home/runner/work/2026_fire_protection/2026_fire_protection/data/pdf_pages_dataset.csv,/home/runner/work/2026_fire_protection/2026_fire_protection/data/2026_diavgeia_filtered.csv,34,7089,2277,4812,2277,0,0,2277,True,NONE
2026-05-04 08:12:31,/home/runner/work/2026_fire_protection/2026_fire_protection/data/2026_diavgeia.csv,/home/runner/work/2026_fire_protection/2026_fire_protection/data/pdf_pages_dataset.csv,/home/runner/work/2026_fire_protection/2026_fire_protection/data/2026_diavgeia_filtered.csv,34,7094,2281,4813,2281,0,0,2281,True,NONE
2026-05-04 10:54:15,/home/runner/work/2026_fire_protection/2026_fire_protection/data/2026_diavgeia.csv,/home/runner/work/2026_fire_protection/2026_fire_protection/data/pdf_pages_dataset.csv,/home/runner/work/2026_fire_protection/2026_fire_protection/data/2026_diavgeia_filtered.csv,34,7104,2285,4819,2285,0,0,2285,True,NONE
2026-05-04 15:01:34,/home/runner/work/2026_fire_protection/2026_fire_protection/data/2026_diavgeia.csv,/home/runner/work/2026_fire_protection/2026_fire_protection/data/pdf_pages_dataset.csv,/home/runner/work/2026_fire_protection/2026_fire_protection/data/2026_diavgeia_filtered.csv,34,7107,2285,4822,2285,0,0,2285,True,NONE
2026-05-04 20:03:48,/Users/troboukis/Code/fire_protection_2026/data/2026_diavgeia.csv,/Users/troboukis/Code/fire_protection_2026/data/pdf_pages_dataset.csv,/Users/troboukis/Code/fire_protection_2026/data/2026_diavgeia_filtered.csv,34,7107,6108,999,2285,5859,6537,6108,True,NONE
2026-05-05 05:33:41,/home/runner/work/2026_fire_protection/2026_fire_protection/data/2026_diavgeia.csv,/home/runner/work/2026_fire_protection/2026_fire_protection/data/pdf_pages_dataset.csv,/home/runner/work/2026_fire_protection/2026_fire_protection/data/2026_diavgeia_filtered.csv,34,7109,2285,4824,2285,0,0,2285,True,NONE
2026-05-05 07:52:17,/home/runner/work/2026_fire_protection/2026_fire_protection/data/2026_diavgeia.csv,/home/runner/work/2026_fire_protection/2026_fire_protection/data/pdf_pages_dataset.csv,/home/runner/work/2026_fire_protection/2026_fire_protection/data/2026_diavgeia_filtered.csv,34,7112,2286,4826,2286,0,0,2286,True,NONE
2026-05-05 10:28:28,/home/runner/work/2026_fire_protection/2026_fire_protection/data/2026_diavgeia.csv,/home/runner/work/2026_fire_protection/2026_fire_protection/data/pdf_pages_dataset.csv,/home/runner/work/2026_fire_protection/2026_fire_protection/data/2026_diavgeia_filtered.csv,34,7116,2288,4828,2288,0,0,2288,True,NONE
2026-05-06 05:48:22,/home/runner/work/2026_fire_protection/2026_fire_protection/data/2026_diavgeia.csv,/home/runner/work/2026_fire_protection/2026_fire_protection/data/pdf_pages_dataset.csv,/home/runner/work/2026_fire_protection/2026_fire_protection/data/2026_diavgeia_filtered.csv,34,7123,2289,4834,2289,0,0,2289,True,NONE
2026-05-06 10:54:40,/home/runner/work/2026_fire_protection/2026_fire_protection/data/2026_diavgeia.csv,/home/runner/work/2026_fire_protection/2026_fire_protection/data/pdf_pages_dataset.csv,/home/runner/work/2026_fire_protection/2026_fire_protection/data/2026_diavgeia_filtered.csv,34,7136,2298,4838,2298,0,0,2298,True,NONE
2026-05-06 15:19:27,/home/runner/work/2026_fire_protection/2026_fire_protection/data/2026_diavgeia.csv,/home/runner/work/2026_fire_protection/2026_fire_protection/data/pdf_pages_dataset.csv,/home/runner/work/2026_fire_protection/2026_fire_protection/data/2026_diavgeia_filtered.csv,34,7138,2299,4839,2299,0,0,2299,True,NONE
2026-05-07 05:52:04,/home/runner/work/2026_fire_protection/2026_fire_protection/data/2026_diavgeia.csv,/home/runner/work/2026_fire_protection/2026_fire_protection/data/pdf_pages_dataset.csv,/home/runner/work/2026_fire_protection/2026_fire_protection/data/2026_diavgeia_filtered.csv,34,7140,2299,4841,2299,0,0,2299,True,NONE
2026-05-07 08:13:24,/home/runner/work/2026_fire_protection/2026_fire_protection/data/2026_diavgeia.csv,/home/runner/work/2026_fire_protection/2026_fire_protection/data/pdf_pages_dataset.csv,/home/runner/work/2026_fire_protection/2026_fire_protection/data/2026_diavgeia_filtered.csv,34,7147,2301,4846,2301,0,0,2301,True,NONE
2026-05-07 10:58:23,/home/runner/work/2026_fire_protection/2026_fire_protection/data/2026_diavgeia.csv,/home/runner/work/2026_fire_protection/2026_fire_protection/data/pdf_pages_dataset.csv,/home/runner/work/2026_fire_protection/2026_fire_protection/data/2026_diavgeia_filtered.csv,34,7152,2303,4849,2303,0,0,2303,True,NONE
2026-05-07 15:24:56,/home/runner/work/2026_fire_protection/2026_fire_protection/data/2026_diavgeia.csv,/home/runner/work/2026_fire_protection/2026_fire_protection/data/pdf_pages_dataset.csv,/home/runner/work/2026_fire_protection/2026_fire_protection/data/2026_diavgeia_filtered.csv,34,7155,2303,4852,2303,0,0,2303,True,NONE
2026-05-08 05:21:45,/home/runner/work/2026_fire_protection/2026_fire_protection/data/2026_diavgeia.csv,/home/runner/work/2026_fire_protection/2026_fire_protection/data/pdf_pages_dataset.csv,/home/runner/work/2026_fire_protection/2026_fire_protection/data/2026_diavgeia_filtered.csv,34,7155,2303,4852,2303,0,0,2303,True,NONE
2026-05-08 07:14:07,/home/runner/work/2026_fire_protection/2026_fire_protection/data/2026_diavgeia.csv,/home/runner/work/2026_fire_protection/2026_fire_protection/data/pdf_pages_dataset.csv,/home/runner/work/2026_fire_protection/2026_fire_protection/data/2026_diavgeia_filtered.csv,34,7157,2304,4853,2304,0,0,2304,True,NONE
2026-05-08 10:15:26,/home/runner/work/2026_fire_protection/2026_fire_protection/data/2026_diavgeia.csv,/home/runner/work/2026_fire_protection/2026_fire_protection/data/pdf_pages_dataset.csv,/home/runner/work/2026_fire_protection/2026_fire_protection/data/2026_diavgeia_filtered.csv,34,7163,2304,4859,2304,0,0,2304,True,NONE
2026-05-08 14:30:14,/home/runner/work/2026_fire_protection/2026_fire_protection/data/2026_diavgeia.csv,/home/runner/work/2026_fire_protection/2026_fire_protection/data/pdf_pages_dataset.csv,/home/runner/work/2026_fire_protection/2026_fire_protection/data/2026_diavgeia_filtered.csv,34,7168,2304,4864,2304,0,0,2304,True,NONE
2026-05-09 05:39:28,/home/runner/work/2026_fire_protection/2026_fire_protection/data/2026_diavgeia.csv,/home/runner/work/2026_fire_protection/2026_fire_protection/data/pdf_pages_dataset.csv,/home/runner/work/2026_fire_protection/2026_fire_protection/data/2026_diavgeia_filtered.csv,34,7169,2304,4865,2304,0,0,2304,True,NONE
2026-05-09 07:29:53,/home/runner/work/2026_fire_protection/2026_fire_protection/data/2026_diavgeia.csv,/home/runner/work/2026_fire_protection/2026_fire_protection/data/pdf_pages_dataset.csv,/home/runner/work/2026_fire_protection/2026_fire_protection/data/2026_diavgeia_filtered.csv,34,7169,2304,4865,2304,0,0,2304,True,NONE
2026-05-09 09:59:52,/home/runner/work/2026_fire_protection/2026_fire_protection/data/2026_diavgeia.csv,/home/runner/work/2026_fire_protection/2026_fire_protection/data/pdf_pages_dataset.csv,/home/runner/work/2026_fire_protection/2026_fire_protection/data/2026_diavgeia_filtered.csv,34,7169,2304,4865,2304,0,0,2304,True,NONE
2026-05-09 14:12:23,/home/runner/work/2026_fire_protection/2026_fire_protection/data/2026_diavgeia.csv,/home/runner/work/2026_fire_protection/2026_fire_protection/data/pdf_pages_dataset.csv,/home/runner/work/2026_fire_protection/2026_fire_protection/data/2026_diavgeia_filtered.csv,34,7169,2304,4865,2304,0,0,2304,True,NONE
2026-05-10 05:54:31,/home/runner/work/2026_fire_protection/2026_fire_protection/data/2026_diavgeia.csv,/home/runner/work/2026_fire_protection/2026_fire_protection/data/pdf_pages_dataset.csv,/home/runner/work/2026_fire_protection/2026_fire_protection/data/2026_diavgeia_filtered.csv,34,7169,2304,4865,2304,0,0,2304,True,NONE
2026-05-10 07:52:36,/home/runner/work/2026_fire_protection/2026_fire_protection/data/2026_diavgeia.csv,/home/runner/work/2026_fire_protection/2026_fire_protection/data/pdf_pages_dataset.csv,/home/runner/work/2026_fire_protection/2026_fire_protection/data/2026_diavgeia_filtered.csv,34,7169,2304,4865,2304,0,0,2304,True,NONE
2026-05-10 10:05:24,/home/runner/work/2026_fire_protection/2026_fire_protection/data/2026_diavgeia.csv,/home/runner/work/2026_fire_protection/2026_fire_protection/data/pdf_pages_dataset.csv,/home/runner/work/2026_fire_protection/2026_fire_protection/data/2026_diavgeia_filtered.csv,34,7169,2304,4865,2304,0,0,2304,True,NONE
2026-05-10 14:15:39,/home/runner/work/2026_fire_protection/2026_fire_protection/data/2026_diavgeia.csv,/home/runner/work/2026_fire_protection/2026_fire_protection/data/pdf_pages_dataset.csv,/home/runner/work/2026_fire_protection/2026_fire_protection/data/2026_diavgeia_filtered.csv,34,7169,2304,4865,2304,0,0,2304,True,NONE
2026-05-11 06:27:03,/home/runner/work/2026_fire_protection/2026_fire_protection/data/2026_diavgeia.csv,/home/runner/work/2026_fire_protection/2026_fire_protection/data/pdf_pages_dataset.csv,/home/runner/work/2026_fire_protection/2026_fire_protection/data/2026_diavgeia_filtered.csv,34,7173,2305,4868,2305,0,0,2305,True,NONE
2026-05-11 11:55:17,/home/runner/work/2026_fire_protection/2026_fire_protection/data/2026_diavgeia.csv,/home/runner/work/2026_fire_protection/2026_fire_protection/data/pdf_pages_dataset.csv,/home/runner/work/2026_fire_protection/2026_fire_protection/data/2026_diavgeia_filtered.csv,34,7184,2307,4877,2307,0,0,2307,True,NONE
2026-05-11 15:51:55,/home/runner/work/2026_fire_protection/2026_fire_protection/data/2026_diavgeia.csv,/home/runner/work/2026_fire_protection/2026_fire_protection/data/pdf_pages_dataset.csv,/home/runner/work/2026_fire_protection/2026_fire_protection/data/2026_diavgeia_filtered.csv,34,7185,2307,4878,2307,0,0,2307,True,NONE
2026-05-12 05:57:21,/home/runner/work/2026_fire_protection/2026_fire_protection/data/2026_diavgeia.csv,/home/runner/work/2026_fire_protection/2026_fire_protection/data/pdf_pages_dataset.csv,/home/runner/work/2026_fire_protection/2026_fire_protection/data/2026_diavgeia_filtered.csv,34,7185,2307,4878,2307,0,0,2307,True,NONE
2026-05-12 08:24:52,/home/runner/work/2026_fire_protection/2026_fire_protection/data/2026_diavgeia.csv,/home/runner/work/2026_fire_protection/2026_fire_protection/data/pdf_pages_dataset.csv,/home/runner/work/2026_fire_protection/2026_fire_protection/data/2026_diavgeia_filtered.csv,34,7188,2308,4880,2308,0,0,2308,True,NONE
2026-05-12 11:10:17,/home/runner/work/2026_fire_protection/2026_fire_protection/data/2026_diavgeia.csv,/home/runner/work/2026_fire_protection/2026_fire_protection/data/pdf_pages_dataset.csv,/home/runner/work/2026_fire_protection/2026_fire_protection/data/2026_diavgeia_filtered.csv,34,7190,2309,4881,2309,0,0,2309,True,NONE
2026-05-12 15:38:30,/home/runner/work/2026_fire_protection/2026_fire_protection/data/2026_diavgeia.csv,/home/runner/work/2026_fire_protection/2026_fire_protection/data/pdf_pages_dataset.csv,/home/runner/work/2026_fire_protection/2026_fire_protection/data/2026_diavgeia_filtered.csv,34,7192,2309,4883,2309,0,0,2309,True,NONE
2026-05-13 06:16:29,/home/runner/work/2026_fire_protection/2026_fire_protection/data/2026_diavgeia.csv,/home/runner/work/2026_fire_protection/2026_fire_protection/data/pdf_pages_dataset.csv,/home/runner/work/2026_fire_protection/2026_fire_protection/data/2026_diavgeia_filtered.csv,34,7192,2309,4883,2309,0,0,2309,True,NONE
2026-05-13 11:23:54,/home/runner/work/2026_fire_protection/2026_fire_protection/data/2026_diavgeia.csv,/home/runner/work/2026_fire_protection/2026_fire_protection/data/pdf_pages_dataset.csv,/home/runner/work/2026_fire_protection/2026_fire_protection/data/2026_diavgeia_filtered.csv,34,7204,2316,4888,2316,0,0,2316,True,NONE
2026-05-13 15:41:18,/home/runner/work/2026_fire_protection/2026_fire_protection/data/2026_diavgeia.csv,/home/runner/work/2026_fire_protection/2026_fire_protection/data/pdf_pages_dataset.csv,/home/runner/work/2026_fire_protection/2026_fire_protection/data/2026_diavgeia_filtered.csv,34,7205,2316,4889,2316,0,0,2316,True,NONE
2026-05-14 06:14:37,/home/runner/work/2026_fire_protection/2026_fire_protection/data/2026_diavgeia.csv,/home/runner/work/2026_fire_protection/2026_fire_protection/data/pdf_pages_dataset.csv,/home/runner/work/2026_fire_protection/2026_fire_protection/data/2026_diavgeia_filtered.csv,34,7207,2317,4890,2317,0,0,2317,True,NONE
2026-05-14 11:08:10,/home/runner/work/2026_fire_protection/2026_fire_protection/data/2026_diavgeia.csv,/home/runner/work/2026_fire_protection/2026_fire_protection/data/pdf_pages_dataset.csv,/home/runner/work/2026_fire_protection/2026_fire_protection/data/2026_diavgeia_filtered.csv,34,7214,2320,4894,2320,0,0,2320,True,NONE
2026-05-14 15:13:45,/home/runner/work/2026_fire_protection/2026_fire_protection/data/2026_diavgeia.csv,/home/runner/work/2026_fire_protection/2026_fire_protection/data/pdf_pages_dataset.csv,/home/runner/work/2026_fire_protection/2026_fire_protection/data/2026_diavgeia_filtered.csv,34,7217,2320,4897,2320,0,0,2320,True,NONE
2026-05-15 06:22:56,/home/runner/work/2026_fire_protection/2026_fire_protection/data/2026_diavgeia.csv,/home/runner/work/2026_fire_protection/2026_fire_protection/data/pdf_pages_dataset.csv,/home/runner/work/2026_fire_protection/2026_fire_protection/data/2026_diavgeia_filtered.csv,34,7219,2320,4899,2320,0,0,2320,True,NONE
2026-05-15 11:11:07,/home/runner/work/2026_fire_protection/2026_fire_protection/data/2026_diavgeia.csv,/home/runner/work/2026_fire_protection/2026_fire_protection/data/pdf_pages_dataset.csv,/home/runner/work/2026_fire_protection/2026_fire_protection/data/2026_diavgeia_filtered.csv,34,7227,2323,4904,2323,0,0,2323,True,NONE
2026-05-15 15:09:42,/home/runner/work/2026_fire_protection/2026_fire_protection/data/2026_diavgeia.csv,/home/runner/work/2026_fire_protection/2026_fire_protection/data/pdf_pages_dataset.csv,/home/runner/work/2026_fire_protection/2026_fire_protection/data/2026_diavgeia_filtered.csv,34,7231,2323,4908,2323,0,0,2323,True,NONE
2026-05-16 05:44:39,/home/runner/work/2026_fire_protection/2026_fire_protection/data/2026_diavgeia.csv,/home/runner/work/2026_fire_protection/2026_fire_protection/data/pdf_pages_dataset.csv,/home/runner/work/2026_fire_protection/2026_fire_protection/data/2026_diavgeia_filtered.csv,34,7231,2323,4908,2323,0,0,2323,True,NONE
2026-05-16 07:45:12,/home/runner/work/2026_fire_protection/2026_fire_protection/data/2026_diavgeia.csv,/home/runner/work/2026_fire_protection/2026_fire_protection/data/pdf_pages_dataset.csv,/home/runner/work/2026_fire_protection/2026_fire_protection/data/2026_diavgeia_filtered.csv,34,7231,2323,4908,2323,0,0,2323,True,NONE
2026-05-16 10:07:16,/home/runner/work/2026_fire_protection/2026_fire_protection/data/2026_diavgeia.csv,/home/runner/work/2026_fire_protection/2026_fire_protection/data/pdf_pages_dataset.csv,/home/runner/work/2026_fire_protection/2026_fire_protection/data/2026_diavgeia_filtered.csv,34,7231,2323,4908,2323,0,0,2323,True,NONE
2026-05-16 14:17:10,/home/runner/work/2026_fire_protection/2026_fire_protection/data/2026_diavgeia.csv,/home/runner/work/2026_fire_protection/2026_fire_protection/data/pdf_pages_dataset.csv,/home/runner/work/2026_fire_protection/2026_fire_protection/data/2026_diavgeia_filtered.csv,34,7231,2323,4908,2323,0,0,2323,True,NONE
2026-05-17 06:11:44,/home/runner/work/2026_fire_protection/2026_fire_protection/data/2026_diavgeia.csv,/home/runner/work/2026_fire_protection/2026_fire_protection/data/pdf_pages_dataset.csv,/home/runner/work/2026_fire_protection/2026_fire_protection/data/2026_diavgeia_filtered.csv,34,7231,2323,4908,2323,0,0,2323,True,NONE
2026-05-17 10:16:12,/home/runner/work/2026_fire_protection/2026_fire_protection/data/2026_diavgeia.csv,/home/runner/work/2026_fire_protection/2026_fire_protection/data/pdf_pages_dataset.csv,/home/runner/work/2026_fire_protection/2026_fire_protection/data/2026_diavgeia_filtered.csv,34,7231,2323,4908,2323,0,0,2323,True,NONE
2026-05-17 14:19:23,/home/runner/work/2026_fire_protection/2026_fire_protection/data/2026_diavgeia.csv,/home/runner/work/2026_fire_protection/2026_fire_protection/data/pdf_pages_dataset.csv,/home/runner/work/2026_fire_protection/2026_fire_protection/data/2026_diavgeia_filtered.csv,34,7231,2323,4908,2323,0,0,2323,True,NONE
2026-05-18 06:43:06,/home/runner/work/2026_fire_protection/2026_fire_protection/data/2026_diavgeia.csv,/home/runner/work/2026_fire_protection/2026_fire_protection/data/pdf_pages_dataset.csv,/home/runner/work/2026_fire_protection/2026_fire_protection/data/2026_diavgeia_filtered.csv,34,7232,2323,4909,2323,0,0,2323,True,NONE
2026-05-18 12:19:39,/home/runner/work/2026_fire_protection/2026_fire_protection/data/2026_diavgeia.csv,/home/runner/work/2026_fire_protection/2026_fire_protection/data/pdf_pages_dataset.csv,/home/runner/work/2026_fire_protection/2026_fire_protection/data/2026_diavgeia_filtered.csv,34,7237,2324,4913,2324,0,0,2324,True,NONE
2026-05-18 16:17:28,/home/runner/work/2026_fire_protection/2026_fire_protection/data/2026_diavgeia.csv,/home/runner/work/2026_fire_protection/2026_fire_protection/data/pdf_pages_dataset.csv,/home/runner/work/2026_fire_protection/2026_fire_protection/data/2026_diavgeia_filtered.csv,34,7238,2325,4913,2325,0,0,2325,True,NONE
2026-05-19 06:38:04,/home/runner/work/2026_fire_protection/2026_fire_protection/data/2026_diavgeia.csv,/home/runner/work/2026_fire_protection/2026_fire_protection/data/pdf_pages_dataset.csv,/home/runner/work/2026_fire_protection/2026_fire_protection/data/2026_diavgeia_filtered.csv,34,7241,2325,4916,2325,0,0,2325,True,NONE
2026-05-19 11:53:29,/home/runner/work/2026_fire_protection/2026_fire_protection/data/2026_diavgeia.csv,/home/runner/work/2026_fire_protection/2026_fire_protection/data/pdf_pages_dataset.csv,/home/runner/work/2026_fire_protection/2026_fire_protection/data/2026_diavgeia_filtered.csv,34,7249,2327,4922,2327,0,0,2327,True,NONE
2026-05-19 16:14:01,/home/runner/work/2026_fire_protection/2026_fire_protection/data/2026_diavgeia.csv,/home/runner/work/2026_fire_protection/2026_fire_protection/data/pdf_pages_dataset.csv,/home/runner/work/2026_fire_protection/2026_fire_protection/data/2026_diavgeia_filtered.csv,34,7249,2327,4922,2327,0,0,2327,True,NONE
2026-05-20 06:38:09,/home/runner/work/2026_fire_protection/2026_fire_protection/data/2026_diavgeia.csv,/home/runner/work/2026_fire_protection/2026_fire_protection/data/pdf_pages_dataset.csv,/home/runner/work/2026_fire_protection/2026_fire_protection/data/2026_diavgeia_filtered.csv,34,7249,2327,4922,2327,0,0,2327,True,NONE
2026-05-20 11:41:39,/home/runner/work/2026_fire_protection/2026_fire_protection/data/2026_diavgeia.csv,/home/runner/work/2026_fire_protection/2026_fire_protection/data/pdf_pages_dataset.csv,/home/runner/work/2026_fire_protection/2026_fire_protection/data/2026_diavgeia_filtered.csv,34,7262,2330,4932,2330,0,0,2330,True,NONE
2026-05-20 16:20:50,/home/runner/work/2026_fire_protection/2026_fire_protection/data/2026_diavgeia.csv,/home/runner/work/2026_fire_protection/2026_fire_protection/data/pdf_pages_dataset.csv,/home/runner/work/2026_fire_protection/2026_fire_protection/data/2026_diavgeia_filtered.csv,34,7266,2332,4934,2332,0,0,2332,True,NONE
2026-05-21 06:41:04,/home/runner/work/2026_fire_protection/2026_fire_protection/data/2026_diavgeia.csv,/home/runner/work/2026_fire_protection/2026_fire_protection/data/pdf_pages_dataset.csv,/home/runner/work/2026_fire_protection/2026_fire_protection/data/2026_diavgeia_filtered.csv,34,7269,2334,4935,2334,0,0,2334,True,NONE
2026-05-21 12:00:28,/home/runner/work/2026_fire_protection/2026_fire_protection/data/2026_diavgeia.csv,/home/runner/work/2026_fire_protection/2026_fire_protection/data/pdf_pages_dataset.csv,/home/runner/work/2026_fire_protection/2026_fire_protection/data/2026_diavgeia_filtered.csv,34,7279,2339,4940,2339,0,0,2339,True,NONE
2026-05-21 16:12:08,/home/runner/work/2026_fire_protection/2026_fire_protection/data/2026_diavgeia.csv,/home/runner/work/2026_fire_protection/2026_fire_protection/data/pdf_pages_dataset.csv,/home/runner/work/2026_fire_protection/2026_fire_protection/data/2026_diavgeia_filtered.csv,34,7279,2339,4940,2339,0,0,2339,True,NONE
2026-05-22 06:37:44,/home/runner/work/2026_fire_protection/2026_fire_protection/data/2026_diavgeia.csv,/home/runner/work/2026_fire_protection/2026_fire_protection/data/pdf_pages_dataset.csv,/home/runner/work/2026_fire_protection/2026_fire_protection/data/2026_diavgeia_filtered.csv,34,7280,2339,4941,2339,0,0,2339,True,NONE
2026-05-22 11:37:22,/home/runner/work/2026_fire_protection/2026_fire_protection/data/2026_diavgeia.csv,/home/runner/work/2026_fire_protection/2026_fire_protection/data/pdf_pages_dataset.csv,/home/runner/work/2026_fire_protection/2026_fire_protection/data/2026_diavgeia_filtered.csv,34,7288,2342,4946,2342,0,0,2342,True,NONE
2026-05-22 15:44:01,/home/runner/work/2026_fire_protection/2026_fire_protection/data/2026_diavgeia.csv,/home/runner/work/2026_fire_protection/2026_fire_protection/data/pdf_pages_dataset.csv,/home/runner/work/2026_fire_protection/2026_fire_protection/data/2026_diavgeia_filtered.csv,34,7289,2343,4946,2343,0,0,2343,True,NONE
2026-05-23 05:57:22,/home/runner/work/2026_fire_protection/2026_fire_protection/data/2026_diavgeia.csv,/home/runner/work/2026_fire_protection/2026_fire_protection/data/pdf_pages_dataset.csv,/home/runner/work/2026_fire_protection/2026_fire_protection/data/2026_diavgeia_filtered.csv,34,7289,2343,4946,2343,0,0,2343,True,NONE
2026-05-23 08:07:03,/home/runner/work/2026_fire_protection/2026_fire_protection/data/2026_diavgeia.csv,/home/runner/work/2026_fire_protection/2026_fire_protection/data/pdf_pages_dataset.csv,/home/runner/work/2026_fire_protection/2026_fire_protection/data/2026_diavgeia_filtered.csv,34,7289,2343,4946,2343,0,0,2343,True,NONE
2026-05-23 10:19:55,/home/runner/work/2026_fire_protection/2026_fire_protection/data/2026_diavgeia.csv,/home/runner/work/2026_fire_protection/2026_fire_protection/data/pdf_pages_dataset.csv,/home/runner/work/2026_fire_protection/2026_fire_protection/data/2026_diavgeia_filtered.csv,34,7289,2343,4946,2343,0,0,2343,True,NONE
2026-05-23 14:24:49,/home/runner/work/2026_fire_protection/2026_fire_protection/data/2026_diavgeia.csv,/home/runner/work/2026_fire_protection/2026_fire_protection/data/pdf_pages_dataset.csv,/home/runner/work/2026_fire_protection/2026_fire_protection/data/2026_diavgeia_filtered.csv,34,7289,2343,4946,2343,0,0,2343,True,NONE
2026-05-24 06:25:57,/home/runner/work/2026_fire_protection/2026_fire_protection/data/2026_diavgeia.csv,/home/runner/work/2026_fire_protection/2026_fire_protection/data/pdf_pages_dataset.csv,/home/runner/work/2026_fire_protection/2026_fire_protection/data/2026_diavgeia_filtered.csv,34,7289,2343,4946,2343,0,0,2343,True,NONE
2026-05-24 10:25:40,/home/runner/work/2026_fire_protection/2026_fire_protection/data/2026_diavgeia.csv,/home/runner/work/2026_fire_protection/2026_fire_protection/data/pdf_pages_dataset.csv,/home/runner/work/2026_fire_protection/2026_fire_protection/data/2026_diavgeia_filtered.csv,34,7289,2343,4946,2343,0,0,2343,True,NONE
2026-05-24 14:19:49,/home/runner/work/2026_fire_protection/2026_fire_protection/data/2026_diavgeia.csv,/home/runner/work/2026_fire_protection/2026_fire_protection/data/pdf_pages_dataset.csv,/home/runner/work/2026_fire_protection/2026_fire_protection/data/2026_diavgeia_filtered.csv,34,7289,2343,4946,2343,0,0,2343,True,NONE
2026-05-25 06:59:46,/home/runner/work/2026_fire_protection/2026_fire_protection/data/2026_diavgeia.csv,/home/runner/work/2026_fire_protection/2026_fire_protection/data/pdf_pages_dataset.csv,/home/runner/work/2026_fire_protection/2026_fire_protection/data/2026_diavgeia_filtered.csv,34,7292,2345,4947,2345,0,0,2345,True,NONE
2026-05-25 12:17:03,/home/runner/work/2026_fire_protection/2026_fire_protection/data/2026_diavgeia.csv,/home/runner/work/2026_fire_protection/2026_fire_protection/data/pdf_pages_dataset.csv,/home/runner/work/2026_fire_protection/2026_fire_protection/data/2026_diavgeia_filtered.csv,34,7315,2355,4960,2355,0,0,2355,True,NONE
2026-05-25 15:45:28,/home/runner/work/2026_fire_protection/2026_fire_protection/data/2026_diavgeia.csv,/home/runner/work/2026_fire_protection/2026_fire_protection/data/pdf_pages_dataset.csv,/home/runner/work/2026_fire_protection/2026_fire_protection/data/2026_diavgeia_filtered.csv,34,7315,2355,4960,2355,0,0,2355,True,NONE
2026-05-26 06:36:40,/home/runner/work/2026_fire_protection/2026_fire_protection/data/2026_diavgeia.csv,/home/runner/work/2026_fire_protection/2026_fire_protection/data/pdf_pages_dataset.csv,/home/runner/work/2026_fire_protection/2026_fire_protection/data/2026_diavgeia_filtered.csv,34,7319,2355,4964,2355,0,0,2355,True,NONE
2026-05-26 16:20:03,/home/runner/work/2026_fire_protection/2026_fire_protection/data/2026_diavgeia.csv,/home/runner/work/2026_fire_protection/2026_fire_protection/data/pdf_pages_dataset.csv,/home/runner/work/2026_fire_protection/2026_fire_protection/data/2026_diavgeia_filtered.csv,34,7322,2358,4964,2358,0,0,2358,True,NONE
2026-05-26 16:36:10,/home/runner/work/2026_fire_protection/2026_fire_protection/data/2026_diavgeia.csv,/home/runner/work/2026_fire_protection/2026_fire_protection/data/pdf_pages_dataset.csv,/home/runner/work/2026_fire_protection/2026_fire_protection/data/2026_diavgeia_filtered.csv,34,7322,2358,4964,2358,0,0,2358,True,NONE
2026-05-26 20:09:44,/Users/troboukis/Code/fire_protection_2026/data/2026_diavgeia.csv,/Users/troboukis/Code/fire_protection_2026/data/pdf_pages_dataset.csv,/Users/troboukis/Code/fire_protection_2026/data/2026_diavgeia_filtered.csv,34,7322,6183,1139,2358,5861,6539,6183,True,NONE
2026-05-27 06:53:12,/home/runner/work/2026_fire_protection/2026_fire_protection/data/2026_diavgeia.csv,/home/runner/work/2026_fire_protection/2026_fire_protection/data/pdf_pages_dataset.csv,/home/runner/work/2026_fire_protection/2026_fire_protection/data/2026_diavgeia_filtered.csv,34,7324,2358,4966,2358,0,0,2358,True,NONE
2026-05-27 12:10:13,/home/runner/work/2026_fire_protection/2026_fire_protection/data/2026_diavgeia.csv,/home/runner/work/2026_fire_protection/2026_fire_protection/data/pdf_pages_dataset.csv,/home/runner/work/2026_fire_protection/2026_fire_protection/data/2026_diavgeia_filtered.csv,34,7332,2359,4973,2359,0,0,2359,True,NONE
2026-05-27 16:31:34,/home/runner/work/2026_fire_protection/2026_fire_protection/data/2026_diavgeia.csv,/home/runner/work/2026_fire_protection/2026_fire_protection/data/pdf_pages_dataset.csv,/home/runner/work/2026_fire_protection/2026_fire_protection/data/2026_diavgeia_filtered.csv,34,7332,2359,4973,2359,0,0,2359,True,NONE
2026-05-28 06:42:27,/home/runner/work/2026_fire_protection/2026_fire_protection/data/2026_diavgeia.csv,/home/runner/work/2026_fire_protection/2026_fire_protection/data/pdf_pages_dataset.csv,/home/runner/work/2026_fire_protection/2026_fire_protection/data/2026_diavgeia_filtered.csv,34,7336,2360,4976,2360,0,0,2360,True,NONE
2026-05-28 12:18:48,/home/runner/work/2026_fire_protection/2026_fire_protection/data/2026_diavgeia.csv,/home/runner/work/2026_fire_protection/2026_fire_protection/data/pdf_pages_dataset.csv,/home/runner/work/2026_fire_protection/2026_fire_protection/data/2026_diavgeia_filtered.csv,34,7355,2361,4994,2361,0,0,2361,True,NONE
2026-05-28 16:47:16,/home/runner/work/2026_fire_protection/2026_fire_protection/data/2026_diavgeia.csv,/home/runner/work/2026_fire_protection/2026_fire_protection/data/pdf_pages_dataset.csv,/home/runner/work/2026_fire_protection/2026_fire_protection/data/2026_diavgeia_filtered.csv,34,7358,2361,4997,2361,0,0,2361,True,NONE
2026-05-29 06:44:28,/home/runner/work/2026_fire_protection/2026_fire_protection/data/2026_diavgeia.csv,/home/runner/work/2026_fire_protection/2026_fire_protection/data/pdf_pages_dataset.csv,/home/runner/work/2026_fire_protection/2026_fire_protection/data/2026_diavgeia_filtered.csv,34,7359,2362,4997,2362,0,0,2362,True,NONE
2026-05-29 12:01:22,/home/runner/work/2026_fire_protection/2026_fire_protection/data/2026_diavgeia.csv,/home/runner/work/2026_fire_protection/2026_fire_protection/data/pdf_pages_dataset.csv,/home/runner/work/2026_fire_protection/2026_fire_protection/data/2026_diavgeia_filtered.csv,34,7370,2367,5003,2367,0,0,2367,True,NONE
2026-05-29 16:34:12,/home/runner/work/2026_fire_protection/2026_fire_protection/data/2026_diavgeia.csv,/home/runner/work/2026_fire_protection/2026_fire_protection/data/pdf_pages_dataset.csv,/home/runner/work/2026_fire_protection/2026_fire_protection/data/2026_diavgeia_filtered.csv,34,7370,2367,5003,2367,0,0,2367,True,NONE
2026-05-30 06:13:22,/home/runner/work/2026_fire_protection/2026_fire_protection/data/2026_diavgeia.csv,/home/runner/work/2026_fire_protection/2026_fire_protection/data/pdf_pages_dataset.csv,/home/runner/work/2026_fire_protection/2026_fire_protection/data/2026_diavgeia_filtered.csv,34,7371,2367,5004,2367,0,0,2367,True,NONE
2026-05-30 10:42:42,/home/runner/work/2026_fire_protection/2026_fire_protection/data/2026_diavgeia.csv,/home/runner/work/2026_fire_protection/2026_fire_protection/data/pdf_pages_dataset.csv,/home/runner/work/2026_fire_protection/2026_fire_protection/data/2026_diavgeia_filtered.csv,34,7371,2367,5004,2367,0,0,2367,True,NONE
2026-05-30 14:22:42,/home/runner/work/2026_fire_protection/2026_fire_protection/data/2026_diavgeia.csv,/home/runner/work/2026_fire_protection/2026_fire_protection/data/pdf_pages_dataset.csv,/home/runner/work/2026_fire_protection/2026_fire_protection/data/2026_diavgeia_filtered.csv,34,7371,2367,5004,2367,0,0,2367,True,NONE
2026-05-31 06:45:02,/home/runner/work/2026_fire_protection/2026_fire_protection/data/2026_diavgeia.csv,/home/runner/work/2026_fire_protection/2026_fire_protection/data/pdf_pages_dataset.csv,/home/runner/work/2026_fire_protection/2026_fire_protection/data/2026_diavgeia_filtered.csv,34,7371,2367,5004,2367,0,0,2367,True,NONE
2026-05-31 10:51:09,/home/runner/work/2026_fire_protection/2026_fire_protection/data/2026_diavgeia.csv,/home/runner/work/2026_fire_protection/2026_fire_protection/data/pdf_pages_dataset.csv,/home/runner/work/2026_fire_protection/2026_fire_protection/data/2026_diavgeia_filtered.csv,34,7371,2367,5004,2367,0,0,2367,True,NONE
2026-05-31 14:25:17,/home/runner/work/2026_fire_protection/2026_fire_protection/data/2026_diavgeia.csv,/home/runner/work/2026_fire_protection/2026_fire_protection/data/pdf_pages_dataset.csv,/home/runner/work/2026_fire_protection/2026_fire_protection/data/2026_diavgeia_filtered.csv,34,7371,2367,5004,2367,0,0,2367,True,NONE
2026-06-01 08:18:00,/home/runner/work/2026_fire_protection/2026_fire_protection/data/2026_diavgeia.csv,/home/runner/work/2026_fire_protection/2026_fire_protection/data/pdf_pages_dataset.csv,/home/runner/work/2026_fire_protection/2026_fire_protection/data/2026_diavgeia_filtered.csv,34,7371,2367,5004,2367,0,0,2367,True,NONE
2026-06-01 14:44:23,/home/runner/work/2026_fire_protection/2026_fire_protection/data/2026_diavgeia.csv,/home/runner/work/2026_fire_protection/2026_fire_protection/data/pdf_pages_dataset.csv,/home/runner/work/2026_fire_protection/2026_fire_protection/data/2026_diavgeia_filtered.csv,34,7372,2367,5005,2367,0,0,2367,True,NONE
2026-06-02 07:15:20,/home/runner/work/2026_fire_protection/2026_fire_protection/data/2026_diavgeia.csv,/home/runner/work/2026_fire_protection/2026_fire_protection/data/pdf_pages_dataset.csv,/home/runner/work/2026_fire_protection/2026_fire_protection/data/2026_diavgeia_filtered.csv,34,7376,2369,5007,2369,0,0,2369,True,NONE
2026-06-02 12:33:34,/home/runner/work/2026_fire_protection/2026_fire_protection/data/2026_diavgeia.csv,/home/runner/work/2026_fire_protection/2026_fire_protection/data/pdf_pages_dataset.csv,/home/runner/work/2026_fire_protection/2026_fire_protection/data/2026_diavgeia_filtered.csv,34,7384,2374,5010,2374,0,0,2374,True,NONE
2026-06-02 17:14:24,/home/runner/work/2026_fire_protection/2026_fire_protection/data/2026_diavgeia.csv,/home/runner/work/2026_fire_protection/2026_fire_protection/data/pdf_pages_dataset.csv,/home/runner/work/2026_fire_protection/2026_fire_protection/data/2026_diavgeia_filtered.csv,34,7385,2374,5011,2374,0,0,2374,True,NONE
2026-06-03 07:29:34,/home/runner/work/2026_fire_protection/2026_fire_protection/data/2026_diavgeia.csv,/home/runner/work/2026_fire_protection/2026_fire_protection/data/pdf_pages_dataset.csv,/home/runner/work/2026_fire_protection/2026_fire_protection/data/2026_diavgeia_filtered.csv,34,7393,2380,5013,2380,0,0,2380,True,NONE
2026-06-03 13:04:48,/home/runner/work/2026_fire_protection/2026_fire_protection/data/2026_diavgeia.csv,/home/runner/work/2026_fire_protection/2026_fire_protection/data/pdf_pages_dataset.csv,/home/runner/work/2026_fire_protection/2026_fire_protection/data/2026_diavgeia_filtered.csv,34,7402,2382,5020,2382,0,0,2382,True,NONE
2026-06-03 19:38:33,/home/runner/work/2026_fire_protection/2026_fire_protection/data/2026_diavgeia.csv,/home/runner/work/2026_fire_protection/2026_fire_protection/data/pdf_pages_dataset.csv,/home/runner/work/2026_fire_protection/2026_fire_protection/data/2026_diavgeia_filtered.csv,34,7404,2384,5020,2384,0,0,2384,True,NONE
2026-06-03 20:07:07,/home/runner/work/2026_fire_protection/2026_fire_protection/data/2026_diavgeia.csv,/home/runner/work/2026_fire_protection/2026_fire_protection/data/pdf_pages_dataset.csv,/home/runner/work/2026_fire_protection/2026_fire_protection/data/2026_diavgeia_filtered.csv,34,7404,2384,5020,2384,0,0,2384,True,NONE
2026-06-04 04:02:07,/home/runner/work/2026_fire_protection/2026_fire_protection/data/2026_diavgeia.csv,/home/runner/work/2026_fire_protection/2026_fire_protection/data/pdf_pages_dataset.csv,/home/runner/work/2026_fire_protection/2026_fire_protection/data/2026_diavgeia_filtered.csv,34,7404,2384,5020,2384,0,0,2384,True,NONE
2026-06-04 06:02:01,/home/runner/work/2026_fire_protection/2026_fire_protection/data/2026_diavgeia.csv,/home/runner/work/2026_fire_protection/2026_fire_protection/data/pdf_pages_dataset.csv,/home/runner/work/2026_fire_protection/2026_fire_protection/data/2026_diavgeia_filtered.csv,34,7405,2384,5021,2384,0,0,2384,True,NONE
2026-06-04 08:02:28,/home/runner/work/2026_fire_protection/2026_fire_protection/data/2026_diavgeia.csv,/home/runner/work/2026_fire_protection/2026_fire_protection/data/pdf_pages_dataset.csv,/home/runner/work/2026_fire_protection/2026_fire_protection/data/2026_diavgeia_filtered.csv,34,7413,2385,5028,2385,0,0,2385,True,NONE
2026-06-04 09:25:58,/home/runner/work/2026_fire_protection/2026_fire_protection/data/2026_diavgeia.csv,/home/runner/work/2026_fire_protection/2026_fire_protection/data/pdf_pages_dataset.csv,/home/runner/work/2026_fire_protection/2026_fire_protection/data/2026_diavgeia_filtered.csv,34,7417,2387,5030,2387,0,0,2387,True,NONE
2026-06-04 11:02:04,/home/runner/work/2026_fire_protection/2026_fire_protection/data/2026_diavgeia.csv,/home/runner/work/2026_fire_protection/2026_fire_protection/data/pdf_pages_dataset.csv,/home/runner/work/2026_fire_protection/2026_fire_protection/data/2026_diavgeia_filtered.csv,34,7419,2388,5031,2388,0,0,2388,True,NONE
2026-06-04 15:01:48,/home/runner/work/2026_fire_protection/2026_fire_protection/data/2026_diavgeia.csv,/home/runner/work/2026_fire_protection/2026_fire_protection/data/pdf_pages_dataset.csv,/home/runner/work/2026_fire_protection/2026_fire_protection/data/2026_diavgeia_filtered.csv,34,7421,2390,5031,2390,0,0,2390,True,NONE
2026-06-05 04:02:07,/home/runner/work/2026_fire_protection/2026_fire_protection/data/2026_diavgeia.csv,/home/runner/work/2026_fire_protection/2026_fire_protection/data/pdf_pages_dataset.csv,/home/runner/work/2026_fire_protection/2026_fire_protection/data/2026_diavgeia_filtered.csv,34,7422,2390,5032,2390,0,0,2390,True,NONE
2026-06-05 06:02:01,/home/runner/work/2026_fire_protection/2026_fire_protection/data/2026_diavgeia.csv,/home/runner/work/2026_fire_protection/2026_fire_protection/data/pdf_pages_dataset.csv,/home/runner/work/2026_fire_protection/2026_fire_protection/data/2026_diavgeia_filtered.csv,34,7423,2390,5033,2390,0,0,2390,True,NONE
2026-06-05 08:02:12,/home/runner/work/2026_fire_protection/2026_fire_protection/data/2026_diavgeia.csv,/home/runner/work/2026_fire_protection/2026_fire_protection/data/pdf_pages_dataset.csv,/home/runner/work/2026_fire_protection/2026_fire_protection/data/2026_diavgeia_filtered.csv,34,7428,2390,5038,2390,0,0,2390,True,NONE
2026-06-05 11:02:14,/home/runner/work/2026_fire_protection/2026_fire_protection/data/2026_diavgeia.csv,/home/runner/work/2026_fire_protection/2026_fire_protection/data/pdf_pages_dataset.csv,/home/runner/work/2026_fire_protection/2026_fire_protection/data/2026_diavgeia_filtered.csv,34,7438,2391,5047,2391,0,0,2391,True,NONE
2026-06-05 15:02:23,/home/runner/work/2026_fire_protection/2026_fire_protection/data/2026_diavgeia.csv,/home/runner/work/2026_fire_protection/2026_fire_protection/data/pdf_pages_dataset.csv,/home/runner/work/2026_fire_protection/2026_fire_protection/data/2026_diavgeia_filtered.csv,34,7442,2391,5051,2391,0,0,2391,True,NONE
2026-06-06 04:01:49,/home/runner/work/2026_fire_protection/2026_fire_protection/data/2026_diavgeia.csv,/home/runner/work/2026_fire_protection/2026_fire_protection/data/pdf_pages_dataset.csv,/home/runner/work/2026_fire_protection/2026_fire_protection/data/2026_diavgeia_filtered.csv,34,7442,2391,5051,2391,0,0,2391,True,NONE
2026-06-06 06:01:45,/home/runner/work/2026_fire_protection/2026_fire_protection/data/2026_diavgeia.csv,/home/runner/work/2026_fire_protection/2026_fire_protection/data/pdf_pages_dataset.csv,/home/runner/work/2026_fire_protection/2026_fire_protection/data/2026_diavgeia_filtered.csv,34,7442,2391,5051,2391,0,0,2391,True,NONE
2026-06-06 08:01:43,/home/runner/work/2026_fire_protection/2026_fire_protection/data/2026_diavgeia.csv,/home/runner/work/2026_fire_protection/2026_fire_protection/data/pdf_pages_dataset.csv,/home/runner/work/2026_fire_protection/2026_fire_protection/data/2026_diavgeia_filtered.csv,34,7443,2391,5052,2391,0,0,2391,True,NONE
2026-06-06 11:01:48,/home/runner/work/2026_fire_protection/2026_fire_protection/data/2026_diavgeia.csv,/home/runner/work/2026_fire_protection/2026_fire_protection/data/pdf_pages_dataset.csv,/home/runner/work/2026_fire_protection/2026_fire_protection/data/2026_diavgeia_filtered.csv,34,7443,2391,5052,2391,0,0,2391,True,NONE
2026-06-06 15:01:43,/home/runner/work/2026_fire_protection/2026_fire_protection/data/2026_diavgeia.csv,/home/runner/work/2026_fire_protection/2026_fire_protection/data/pdf_pages_dataset.csv,/home/runner/work/2026_fire_protection/2026_fire_protection/data/2026_diavgeia_filtered.csv,34,7443,2391,5052,2391,0,0,2391,True,NONE
2026-06-07 04:01:46,/home/runner/work/2026_fire_protection/2026_fire_protection/data/2026_diavgeia.csv,/home/runner/work/2026_fire_protection/2026_fire_protection/data/pdf_pages_dataset.csv,/home/runner/work/2026_fire_protection/2026_fire_protection/data/2026_diavgeia_filtered.csv,34,7443,2391,5052,2391,0,0,2391,True,NONE
2026-06-07 06:01:50,/home/runner/work/2026_fire_protection/2026_fire_protection/data/2026_diavgeia.csv,/home/runner/work/2026_fire_protection/2026_fire_protection/data/pdf_pages_dataset.csv,/home/runner/work/2026_fire_protection/2026_fire_protection/data/2026_diavgeia_filtered.csv,34,7443,2391,5052,2391,0,0,2391,True,NONE
2026-06-07 08:01:42,/home/runner/work/2026_fire_protection/2026_fire_protection/data/2026_diavgeia.csv,/home/runner/work/2026_fire_protection/2026_fire_protection/data/pdf_pages_dataset.csv,/home/runner/work/2026_fire_protection/2026_fire_protection/data/2026_diavgeia_filtered.csv,34,7443,2391,5052,2391,0,0,2391,True,NONE
2026-06-07 11:02:06,/home/runner/work/2026_fire_protection/2026_fire_protection/data/2026_diavgeia.csv,/home/runner/work/2026_fire_protection/2026_fire_protection/data/pdf_pages_dataset.csv,/home/runner/work/2026_fire_protection/2026_fire_protection/data/2026_diavgeia_filtered.csv,34,7443,2391,5052,2391,0,0,2391,True,NONE
2026-06-07 15:01:47,/home/runner/work/2026_fire_protection/2026_fire_protection/data/2026_diavgeia.csv,/home/runner/work/2026_fire_protection/2026_fire_protection/data/pdf_pages_dataset.csv,/home/runner/work/2026_fire_protection/2026_fire_protection/data/2026_diavgeia_filtered.csv,34,7443,2391,5052,2391,0,0,2391,True,NONE
2026-06-08 04:01:41,/home/runner/work/2026_fire_protection/2026_fire_protection/data/2026_diavgeia.csv,/home/runner/work/2026_fire_protection/2026_fire_protection/data/pdf_pages_dataset.csv,/home/runner/work/2026_fire_protection/2026_fire_protection/data/2026_diavgeia_filtered.csv,34,7443,2391,5052,2391,0,0,2391,True,NONE
2026-06-08 06:02:11,/home/runner/work/2026_fire_protection/2026_fire_protection/data/2026_diavgeia.csv,/home/runner/work/2026_fire_protection/2026_fire_protection/data/pdf_pages_dataset.csv,/home/runner/work/2026_fire_protection/2026_fire_protection/data/2026_diavgeia_filtered.csv,34,7446,2392,5054,2392,0,0,2392,True,NONE
2026-06-08 08:02:23,/home/runner/work/2026_fire_protection/2026_fire_protection/data/2026_diavgeia.csv,/home/runner/work/2026_fire_protection/2026_fire_protection/data/pdf_pages_dataset.csv,/home/runner/work/2026_fire_protection/2026_fire_protection/data/2026_diavgeia_filtered.csv,34,7450,2392,5058,2392,0,0,2392,True,NONE
2026-06-08 11:02:12,/home/runner/work/2026_fire_protection/2026_fire_protection/data/2026_diavgeia.csv,/home/runner/work/2026_fire_protection/2026_fire_protection/data/pdf_pages_dataset.csv,/home/runner/work/2026_fire_protection/2026_fire_protection/data/2026_diavgeia_filtered.csv,34,7454,2394,5060,2394,0,0,2394,True,NONE
2026-06-08 15:02:04,/home/runner/work/2026_fire_protection/2026_fire_protection/data/2026_diavgeia.csv,/home/runner/work/2026_fire_protection/2026_fire_protection/data/pdf_pages_dataset.csv,/home/runner/work/2026_fire_protection/2026_fire_protection/data/2026_diavgeia_filtered.csv,34,7457,2396,5061,2396,0,0,2396,True,NONE
2026-06-08 21:40:21,/Users/troboukis/Code/fire_protection_2026/data/2026_diavgeia.csv,/Users/troboukis/Code/fire_protection_2026/data/pdf_pages_dataset.csv,/Users/troboukis/Code/fire_protection_2026/data/2026_diavgeia_filtered.csv,34,7457,6221,1236,2396,5862,6540,6221,True,NONE
2026-06-09 04:01:56,/home/runner/work/2026_fire_protection/2026_fire_protection/data/2026_diavgeia.csv,/home/runner/work/2026_fire_protection/2026_fire_protection/data/pdf_pages_dataset.csv,/home/runner/work/2026_fire_protection/2026_fire_protection/data/2026_diavgeia_filtered.csv,34,7457,2396,5061,2396,0,0,2396,True,NONE
2026-06-09 06:02:22,/home/runner/work/2026_fire_protection/2026_fire_protection/data/2026_diavgeia.csv,/home/runner/work/2026_fire_protection/2026_fire_protection/data/pdf_pages_dataset.csv,/home/runner/work/2026_fire_protection/2026_fire_protection/data/2026_diavgeia_filtered.csv,34,7460,2396,5064,2396,0,0,2396,True,NONE
2026-06-09 08:02:12,/home/runner/work/2026_fire_protection/2026_fire_protection/data/2026_diavgeia.csv,/home/runner/work/2026_fire_protection/2026_fire_protection/data/pdf_pages_dataset.csv,/home/runner/work/2026_fire_protection/2026_fire_protection/data/2026_diavgeia_filtered.csv,34,7466,2401,5065,2401,0,0,2401,True,NONE
2026-06-09 11:02:23,/home/runner/work/2026_fire_protection/2026_fire_protection/data/2026_diavgeia.csv,/home/runner/work/2026_fire_protection/2026_fire_protection/data/pdf_pages_dataset.csv,/home/runner/work/2026_fire_protection/2026_fire_protection/data/2026_diavgeia_filtered.csv,34,7476,2405,5071,2405,0,0,2405,True,NONE
2026-06-10 04:01:46,/home/runner/work/2026_fire_protection/2026_fire_protection/data/2026_diavgeia.csv,/home/runner/work/2026_fire_protection/2026_fire_protection/data/pdf_pages_dataset.csv,/home/runner/work/2026_fire_protection/2026_fire_protection/data/2026_diavgeia_filtered.csv,34,7480,2406,5074,2406,0,0,2406,True,NONE
2026-06-10 06:02:16,/home/runner/work/2026_fire_protection/2026_fire_protection/data/2026_diavgeia.csv,/home/runner/work/2026_fire_protection/2026_fire_protection/data/pdf_pages_dataset.csv,/home/runner/work/2026_fire_protection/2026_fire_protection/data/2026_diavgeia_filtered.csv,34,7482,2407,5075,2407,0,0,2407,True,NONE
2026-06-10 08:02:15,/home/runner/work/2026_fire_protection/2026_fire_protection/data/2026_diavgeia.csv,/home/runner/work/2026_fire_protection/2026_fire_protection/data/pdf_pages_dataset.csv,/home/runner/work/2026_fire_protection/2026_fire_protection/data/2026_diavgeia_filtered.csv,34,7487,2407,5080,2407,0,0,2407,True,NONE
2026-06-10 11:02:19,/home/runner/work/2026_fire_protection/2026_fire_protection/data/2026_diavgeia.csv,/home/runner/work/2026_fire_protection/2026_fire_protection/data/pdf_pages_dataset.csv,/home/runner/work/2026_fire_protection/2026_fire_protection/data/2026_diavgeia_filtered.csv,34,7494,2408,5086,2408,0,0,2408,True,NONE
2026-06-10 15:01:59,/home/runner/work/2026_fire_protection/2026_fire_protection/data/2026_diavgeia.csv,/home/runner/work/2026_fire_protection/2026_fire_protection/data/pdf_pages_dataset.csv,/home/runner/work/2026_fire_protection/2026_fire_protection/data/2026_diavgeia_filtered.csv,34,7505,2412,5093,2412,0,0,2412,True,NONE
2026-06-11 04:01:59,/home/runner/work/2026_fire_protection/2026_fire_protection/data/2026_diavgeia.csv,/home/runner/work/2026_fire_protection/2026_fire_protection/data/pdf_pages_dataset.csv,/home/runner/work/2026_fire_protection/2026_fire_protection/data/2026_diavgeia_filtered.csv,34,7505,2412,5093,2412,0,0,2412,True,NONE
2026-06-11 06:02:05,/home/runner/work/2026_fire_protection/2026_fire_protection/data/2026_diavgeia.csv,/home/runner/work/2026_fire_protection/2026_fire_protection/data/pdf_pages_dataset.csv,/home/runner/work/2026_fire_protection/2026_fire_protection/data/2026_diavgeia_filtered.csv,34,7509,2412,5097,2412,0,0,2412,True,NONE
2026-06-11 08:02:26,/home/runner/work/2026_fire_protection/2026_fire_protection/data/2026_diavgeia.csv,/home/runner/work/2026_fire_protection/2026_fire_protection/data/pdf_pages_dataset.csv,/home/runner/work/2026_fire_protection/2026_fire_protection/data/2026_diavgeia_filtered.csv,34,7513,2413,5100,2413,0,0,2413,True,NONE
2026-06-11 11:02:09,/home/runner/work/2026_fire_protection/2026_fire_protection/data/2026_diavgeia.csv,/home/runner/work/2026_fire_protection/2026_fire_protection/data/pdf_pages_dataset.csv,/home/runner/work/2026_fire_protection/2026_fire_protection/data/2026_diavgeia_filtered.csv,34,7521,2415,5106,2415,0,0,2415,True,NONE
2026-06-11 15:02:03,/home/runner/work/2026_fire_protection/2026_fire_protection/data/2026_diavgeia.csv,/home/runner/work/2026_fire_protection/2026_fire_protection/data/pdf_pages_dataset.csv,/home/runner/work/2026_fire_protection/2026_fire_protection/data/2026_diavgeia_filtered.csv,34,7523,2416,5107,2416,0,0,2416,True,NONE
2026-06-12 04:01:55,/home/runner/work/2026_fire_protection/2026_fire_protection/data/2026_diavgeia.csv,/home/runner/work/2026_fire_protection/2026_fire_protection/data/pdf_pages_dataset.csv,/home/runner/work/2026_fire_protection/2026_fire_protection/data/2026_diavgeia_filtered.csv,34,7523,2416,5107,2416,0,0,2416,True,NONE
2026-06-12 06:02:04,/home/runner/work/2026_fire_protection/2026_fire_protection/data/2026_diavgeia.csv,/home/runner/work/2026_fire_protection/2026_fire_protection/data/pdf_pages_dataset.csv,/home/runner/work/2026_fire_protection/2026_fire_protection/data/2026_diavgeia_filtered.csv,34,7524,2416,5108,2416,0,0,2416,True,NONE
2026-06-12 08:02:04,/home/runner/work/2026_fire_protection/2026_fire_protection/data/2026_diavgeia.csv,/home/runner/work/2026_fire_protection/2026_fire_protection/data/pdf_pages_dataset.csv,/home/runner/work/2026_fire_protection/2026_fire_protection/data/2026_diavgeia_filtered.csv,34,7526,2416,5110,2416,0,0,2416,True,NONE
2026-06-12 11:02:06,/home/runner/work/2026_fire_protection/2026_fire_protection/data/2026_diavgeia.csv,/home/runner/work/2026_fire_protection/2026_fire_protection/data/pdf_pages_dataset.csv,/home/runner/work/2026_fire_protection/2026_fire_protection/data/2026_diavgeia_filtered.csv,34,7535,2419,5116,2419,0,0,2419,True,NONE
2026-06-12 15:02:00,/home/runner/work/2026_fire_protection/2026_fire_protection/data/2026_diavgeia.csv,/home/runner/work/2026_fire_protection/2026_fire_protection/data/pdf_pages_dataset.csv,/home/runner/work/2026_fire_protection/2026_fire_protection/data/2026_diavgeia_filtered.csv,34,7542,2420,5122,2420,0,0,2420,True,NONE
2026-06-13 04:01:51,/home/runner/work/2026_fire_protection/2026_fire_protection/data/2026_diavgeia.csv,/home/runner/work/2026_fire_protection/2026_fire_protection/data/pdf_pages_dataset.csv,/home/runner/work/2026_fire_protection/2026_fire_protection/data/2026_diavgeia_filtered.csv,34,7542,2420,5122,2420,0,0,2420,True,NONE
2026-06-13 06:02:08,/home/runner/work/2026_fire_protection/2026_fire_protection/data/2026_diavgeia.csv,/home/runner/work/2026_fire_protection/2026_fire_protection/data/pdf_pages_dataset.csv,/home/runner/work/2026_fire_protection/2026_fire_protection/data/2026_diavgeia_filtered.csv,34,7542,2420,5122,2420,0,0,2420,True,NONE
2026-06-13 08:02:11,/home/runner/work/2026_fire_protection/2026_fire_protection/data/2026_diavgeia.csv,/home/runner/work/2026_fire_protection/2026_fire_protection/data/pdf_pages_dataset.csv,/home/runner/work/2026_fire_protection/2026_fire_protection/data/2026_diavgeia_filtered.csv,34,7542,2420,5122,2420,0,0,2420,True,NONE
2026-06-13 11:01:49,/home/runner/work/2026_fire_protection/2026_fire_protection/data/2026_diavgeia.csv,/home/runner/work/2026_fire_protection/2026_fire_protection/data/pdf_pages_dataset.csv,/home/runner/work/2026_fire_protection/2026_fire_protection/data/2026_diavgeia_filtered.csv,34,7542,2420,5122,2420,0,0,2420,True,NONE
2026-06-13 15:01:51,/home/runner/work/2026_fire_protection/2026_fire_protection/data/2026_diavgeia.csv,/home/runner/work/2026_fire_protection/2026_fire_protection/data/pdf_pages_dataset.csv,/home/runner/work/2026_fire_protection/2026_fire_protection/data/2026_diavgeia_filtered.csv,34,7542,2420,5122,2420,0,0,2420,True,NONE
2026-06-14 04:01:44,/home/runner/work/2026_fire_protection/2026_fire_protection/data/2026_diavgeia.csv,/home/runner/work/2026_fire_protection/2026_fire_protection/data/pdf_pages_dataset.csv,/home/runner/work/2026_fire_protection/2026_fire_protection/data/2026_diavgeia_filtered.csv,34,7542,2420,5122,2420,0,0,2420,True,NONE
2026-06-14 06:01:54,/home/runner/work/2026_fire_protection/2026_fire_protection/data/2026_diavgeia.csv,/home/runner/work/2026_fire_protection/2026_fire_protection/data/pdf_pages_dataset.csv,/home/runner/work/2026_fire_protection/2026_fire_protection/data/2026_diavgeia_filtered.csv,34,7543,2420,5123,2420,0,0,2420,True,NONE
2026-06-14 08:02:06,/home/runner/work/2026_fire_protection/2026_fire_protection/data/2026_diavgeia.csv,/home/runner/work/2026_fire_protection/2026_fire_protection/data/pdf_pages_dataset.csv,/home/runner/work/2026_fire_protection/2026_fire_protection/data/2026_diavgeia_filtered.csv,34,7544,2421,5123,2421,0,0,2421,True,NONE
2026-06-14 11:01:58,/home/runner/work/2026_fire_protection/2026_fire_protection/data/2026_diavgeia.csv,/home/runner/work/2026_fire_protection/2026_fire_protection/data/pdf_pages_dataset.csv,/home/runner/work/2026_fire_protection/2026_fire_protection/data/2026_diavgeia_filtered.csv,34,7544,2421,5123,2421,0,0,2421,True,NONE
2026-06-14 15:01:54,/home/runner/work/2026_fire_protection/2026_fire_protection/data/2026_diavgeia.csv,/home/runner/work/2026_fire_protection/2026_fire_protection/data/pdf_pages_dataset.csv,/home/runner/work/2026_fire_protection/2026_fire_protection/data/2026_diavgeia_filtered.csv,34,7544,2421,5123,2421,0,0,2421,True,NONE
2026-06-15 04:02:12,/home/runner/work/2026_fire_protection/2026_fire_protection/data/2026_diavgeia.csv,/home/runner/work/2026_fire_protection/2026_fire_protection/data/pdf_pages_dataset.csv,/home/runner/work/2026_fire_protection/2026_fire_protection/data/2026_diavgeia_filtered.csv,34,7544,2421,5123,2421,0,0,2421,True,NONE
2026-06-15 06:02:12,/home/runner/work/2026_fire_protection/2026_fire_protection/data/2026_diavgeia.csv,/home/runner/work/2026_fire_protection/2026_fire_protection/data/pdf_pages_dataset.csv,/home/runner/work/2026_fire_protection/2026_fire_protection/data/2026_diavgeia_filtered.csv,34,7544,2421,5123,2421,0,0,2421,True,NONE
2026-06-15 08:02:09,/home/runner/work/2026_fire_protection/2026_fire_protection/data/2026_diavgeia.csv,/home/runner/work/2026_fire_protection/2026_fire_protection/data/pdf_pages_dataset.csv,/home/runner/work/2026_fire_protection/2026_fire_protection/data/2026_diavgeia_filtered.csv,34,7546,2422,5124,2422,0,0,2422,True,NONE
2026-06-15 11:02:26,/home/runner/work/2026_fire_protection/2026_fire_protection/data/2026_diavgeia.csv,/home/runner/work/2026_fire_protection/2026_fire_protection/data/pdf_pages_dataset.csv,/home/runner/work/2026_fire_protection/2026_fire_protection/data/2026_diavgeia_filtered.csv,34,7553,2424,5129,2424,0,0,2424,True,NONE
2026-06-15 15:02:09,/home/runner/work/2026_fire_protection/2026_fire_protection/data/2026_diavgeia.csv,/home/runner/work/2026_fire_protection/2026_fire_protection/data/pdf_pages_dataset.csv,/home/runner/work/2026_fire_protection/2026_fire_protection/data/2026_diavgeia_filtered.csv,34,7555,2425,5130,2425,0,0,2425,True,NONE
2026-06-16 04:01:50,/home/runner/work/2026_fire_protection/2026_fire_protection/data/2026_diavgeia.csv,/home/runner/work/2026_fire_protection/2026_fire_protection/data/pdf_pages_dataset.csv,/home/runner/work/2026_fire_protection/2026_fire_protection/data/2026_diavgeia_filtered.csv,34,7555,2425,5130,2425,0,0,2425,True,NONE
2026-06-16 06:02:10,/home/runner/work/2026_fire_protection/2026_fire_protection/data/2026_diavgeia.csv,/home/runner/work/2026_fire_protection/2026_fire_protection/data/pdf_pages_dataset.csv,/home/runner/work/2026_fire_protection/2026_fire_protection/data/2026_diavgeia_filtered.csv,34,7556,2425,5131,2425,0,0,2425,True,NONE
2026-06-16 08:02:16,/home/runner/work/2026_fire_protection/2026_fire_protection/data/2026_diavgeia.csv,/home/runner/work/2026_fire_protection/2026_fire_protection/data/pdf_pages_dataset.csv,/home/runner/work/2026_fire_protection/2026_fire_protection/data/2026_diavgeia_filtered.csv,34,7559,2426,5133,2426,0,0,2426,True,NONE
2026-06-16 11:02:26,/home/runner/work/2026_fire_protection/2026_fire_protection/data/2026_diavgeia.csv,/home/runner/work/2026_fire_protection/2026_fire_protection/data/pdf_pages_dataset.csv,/home/runner/work/2026_fire_protection/2026_fire_protection/data/2026_diavgeia_filtered.csv,34,7572,2428,5144,2428,0,0,2428,True,NONE
2026-06-16 15:02:15,/home/runner/work/2026_fire_protection/2026_fire_protection/data/2026_diavgeia.csv,/home/runner/work/2026_fire_protection/2026_fire_protection/data/pdf_pages_dataset.csv,/home/runner/work/2026_fire_protection/2026_fire_protection/data/2026_diavgeia_filtered.csv,34,7573,2428,5145,2428,0,0,2428,True,NONE
2026-06-17 04:02:08,/home/runner/work/2026_fire_protection/2026_fire_protection/data/2026_diavgeia.csv,/home/runner/work/2026_fire_protection/2026_fire_protection/data/pdf_pages_dataset.csv,/home/runner/work/2026_fire_protection/2026_fire_protection/data/2026_diavgeia_filtered.csv,34,7573,2428,5145,2428,0,0,2428,True,NONE
2026-06-17 06:02:19,/home/runner/work/2026_fire_protection/2026_fire_protection/data/2026_diavgeia.csv,/home/runner/work/2026_fire_protection/2026_fire_protection/data/pdf_pages_dataset.csv,/home/runner/work/2026_fire_protection/2026_fire_protection/data/2026_diavgeia_filtered.csv,34,7573,2428,5145,2428,0,0,2428,True,NONE
2026-06-17 08:02:42,/home/runner/work/2026_fire_protection/2026_fire_protection/data/2026_diavgeia.csv,/home/runner/work/2026_fire_protection/2026_fire_protection/data/pdf_pages_dataset.csv,/home/runner/work/2026_fire_protection/2026_fire_protection/data/2026_diavgeia_filtered.csv,34,7582,2432,5150,2432,0,0,2432,True,NONE
2026-06-17 11:02:26,/home/runner/work/2026_fire_protection/2026_fire_protection/data/2026_diavgeia.csv,/home/runner/work/2026_fire_protection/2026_fire_protection/data/pdf_pages_dataset.csv,/home/runner/work/2026_fire_protection/2026_fire_protection/data/2026_diavgeia_filtered.csv,34,7587,2433,5154,2433,0,0,2433,True,NONE
2026-06-17 15:02:02,/home/runner/work/2026_fire_protection/2026_fire_protection/data/2026_diavgeia.csv,/home/runner/work/2026_fire_protection/2026_fire_protection/data/pdf_pages_dataset.csv,/home/runner/work/2026_fire_protection/2026_fire_protection/data/2026_diavgeia_filtered.csv,34,7591,2434,5157,2434,0,0,2434,True,NONE
2026-06-18 04:01:46,/home/runner/work/2026_fire_protection/2026_fire_protection/data/2026_diavgeia.csv,/home/runner/work/2026_fire_protection/2026_fire_protection/data/pdf_pages_dataset.csv,/home/runner/work/2026_fire_protection/2026_fire_protection/data/2026_diavgeia_filtered.csv,34,7592,2434,5158,2434,0,0,2434,True,NONE
2026-06-18 06:02:16,/home/runner/work/2026_fire_protection/2026_fire_protection/data/2026_diavgeia.csv,/home/runner/work/2026_fire_protection/2026_fire_protection/data/pdf_pages_dataset.csv,/home/runner/work/2026_fire_protection/2026_fire_protection/data/2026_diavgeia_filtered.csv,34,7596,2434,5162,2434,0,0,2434,True,NONE
2026-06-18 08:02:25,/home/runner/work/2026_fire_protection/2026_fire_protection/data/2026_diavgeia.csv,/home/runner/work/2026_fire_protection/2026_fire_protection/data/pdf_pages_dataset.csv,/home/runner/work/2026_fire_protection/2026_fire_protection/data/2026_diavgeia_filtered.csv,34,7601,2434,5167,2434,0,0,2434,True,NONE
2026-06-18 11:02:09,/home/runner/work/2026_fire_protection/2026_fire_protection/data/2026_diavgeia.csv,/home/runner/work/2026_fire_protection/2026_fire_protection/data/pdf_pages_dataset.csv,/home/runner/work/2026_fire_protection/2026_fire_protection/data/2026_diavgeia_filtered.csv,34,7607,2435,5172,2435,0,0,2435,True,NONE
2026-06-18 15:02:01,/home/runner/work/2026_fire_protection/2026_fire_protection/data/2026_diavgeia.csv,/home/runner/work/2026_fire_protection/2026_fire_protection/data/pdf_pages_dataset.csv,/home/runner/work/2026_fire_protection/2026_fire_protection/data/2026_diavgeia_filtered.csv,34,7608,2435,5173,2435,0,0,2435,True,NONE
2026-06-19 04:01:52,/home/runner/work/2026_fire_protection/2026_fire_protection/data/2026_diavgeia.csv,/home/runner/work/2026_fire_protection/2026_fire_protection/data/pdf_pages_dataset.csv,/home/runner/work/2026_fire_protection/2026_fire_protection/data/2026_diavgeia_filtered.csv,34,7613,2435,5178,2435,0,0,2435,True,NONE
2026-06-19 06:02:21,/home/runner/work/2026_fire_protection/2026_fire_protection/data/2026_diavgeia.csv,/home/runner/work/2026_fire_protection/2026_fire_protection/data/pdf_pages_dataset.csv,/home/runner/work/2026_fire_protection/2026_fire_protection/data/2026_diavgeia_filtered.csv,34,7615,2435,5180,2435,0,0,2435,True,NONE
2026-06-19 08:02:22,/home/runner/work/2026_fire_protection/2026_fire_protection/data/2026_diavgeia.csv,/home/runner/work/2026_fire_protection/2026_fire_protection/data/pdf_pages_dataset.csv,/home/runner/work/2026_fire_protection/2026_fire_protection/data/2026_diavgeia_filtered.csv,34,7616,2436,5180,2436,0,0,2436,True,NONE
2026-06-19 12:02:41,/Users/troboukis/Code/fire_protection_2026/data/2026_diavgeia.csv,/Users/troboukis/Code/fire_protection_2026/data/pdf_pages_dataset.csv,/Users/troboukis/Code/fire_protection_2026/data/2026_diavgeia_filtered.csv,34,7622,6262,1360,2436,5863,6541,6262,True,NONE
2026-06-19 11:02:25,/home/runner/work/2026_fire_protection/2026_fire_protection/data/2026_diavgeia.csv,/home/runner/work/2026_fire_protection/2026_fire_protection/data/pdf_pages_dataset.csv,/home/runner/work/2026_fire_protection/2026_fire_protection/data/2026_diavgeia_filtered.csv,34,7626,2438,5188,2438,0,0,2438,True,NONE
2026-06-19 15:02:01,/home/runner/work/2026_fire_protection/2026_fire_protection/data/2026_diavgeia.csv,/home/runner/work/2026_fire_protection/2026_fire_protection/data/pdf_pages_dataset.csv,/home/runner/work/2026_fire_protection/2026_fire_protection/data/2026_diavgeia_filtered.csv,34,7630,2441,5189,2441,0,0,2441,True,NONE
2026-06-20 04:01:46,/home/runner/work/2026_fire_protection/2026_fire_protection/data/2026_diavgeia.csv,/home/runner/work/2026_fire_protection/2026_fire_protection/data/pdf_pages_dataset.csv,/home/runner/work/2026_fire_protection/2026_fire_protection/data/2026_diavgeia_filtered.csv,34,7630,2441,5189,2441,0,0,2441,True,NONE
2026-06-20 06:01:49,/home/runner/work/2026_fire_protection/2026_fire_protection/data/2026_diavgeia.csv,/home/runner/work/2026_fire_protection/2026_fire_protection/data/pdf_pages_dataset.csv,/home/runner/work/2026_fire_protection/2026_fire_protection/data/2026_diavgeia_filtered.csv,34,7630,2441,5189,2441,0,0,2441,True,NONE
2026-06-20 08:01:56,/home/runner/work/2026_fire_protection/2026_fire_protection/data/2026_diavgeia.csv,/home/runner/work/2026_fire_protection/2026_fire_protection/data/pdf_pages_dataset.csv,/home/runner/work/2026_fire_protection/2026_fire_protection/data/2026_diavgeia_filtered.csv,34,7630,2441,5189,2441,0,0,2441,True,NONE
2026-06-20 11:01:55,/home/runner/work/2026_fire_protection/2026_fire_protection/data/2026_diavgeia.csv,/home/runner/work/2026_fire_protection/2026_fire_protection/data/pdf_pages_dataset.csv,/home/runner/work/2026_fire_protection/2026_fire_protection/data/2026_diavgeia_filtered.csv,34,7631,2442,5189,2442,0,0,2442,True,NONE
2026-06-20 15:01:57,/home/runner/work/2026_fire_protection/2026_fire_protection/data/2026_diavgeia.csv,/home/runner/work/2026_fire_protection/2026_fire_protection/data/pdf_pages_dataset.csv,/home/runner/work/2026_fire_protection/2026_fire_protection/data/2026_diavgeia_filtered.csv,34,7631,2442,5189,2442,0,0,2442,True,NONE
2026-06-21 04:01:54,/home/runner/work/2026_fire_protection/2026_fire_protection/data/2026_diavgeia.csv,/home/runner/work/2026_fire_protection/2026_fire_protection/data/pdf_pages_dataset.csv,/home/runner/work/2026_fire_protection/2026_fire_protection/data/2026_diavgeia_filtered.csv,34,7631,2442,5189,2442,0,0,2442,True,NONE
2026-06-21 06:02:11,/home/runner/work/2026_fire_protection/2026_fire_protection/data/2026_diavgeia.csv,/home/runner/work/2026_fire_protection/2026_fire_protection/data/pdf_pages_dataset.csv,/home/runner/work/2026_fire_protection/2026_fire_protection/data/2026_diavgeia_filtered.csv,34,7631,2442,5189,2442,0,0,2442,True,NONE
2026-06-21 08:01:53,/home/runner/work/2026_fire_protection/2026_fire_protection/data/2026_diavgeia.csv,/home/runner/work/2026_fire_protection/2026_fire_protection/data/pdf_pages_dataset.csv,/home/runner/work/2026_fire_protection/2026_fire_protection/data/2026_diavgeia_filtered.csv,34,7631,2442,5189,2442,0,0,2442,True,NONE
2026-06-21 11:01:48,/home/runner/work/2026_fire_protection/2026_fire_protection/data/2026_diavgeia.csv,/home/runner/work/2026_fire_protection/2026_fire_protection/data/pdf_pages_dataset.csv,/home/runner/work/2026_fire_protection/2026_fire_protection/data/2026_diavgeia_filtered.csv,34,7631,2442,5189,2442,0,0,2442,True,NONE
2026-06-21 15:02:02,/home/runner/work/2026_fire_protection/2026_fire_protection/data/2026_diavgeia.csv,/home/runner/work/2026_fire_protection/2026_fire_protection/data/pdf_pages_dataset.csv,/home/runner/work/2026_fire_protection/2026_fire_protection/data/2026_diavgeia_filtered.csv,34,7632,2443,5189,2443,0,0,2443,True,NONE
2026-06-22 04:02:02,/home/runner/work/2026_fire_protection/2026_fire_protection/data/2026_diavgeia.csv,/home/runner/work/2026_fire_protection/2026_fire_protection/data/pdf_pages_dataset.csv,/home/runner/work/2026_fire_protection/2026_fire_protection/data/2026_diavgeia_filtered.csv,34,7632,2443,5189,2443,0,0,2443,True,NONE
2026-06-22 06:02:06,/home/runner/work/2026_fire_protection/2026_fire_protection/data/2026_diavgeia.csv,/home/runner/work/2026_fire_protection/2026_fire_protection/data/pdf_pages_dataset.csv,/home/runner/work/2026_fire_protection/2026_fire_protection/data/2026_diavgeia_filtered.csv,34,7632,2443,5189,2443,0,0,2443,True,NONE
2026-06-22 08:02:19,/home/runner/work/2026_fire_protection/2026_fire_protection/data/2026_diavgeia.csv,/home/runner/work/2026_fire_protection/2026_fire_protection/data/pdf_pages_dataset.csv,/home/runner/work/2026_fire_protection/2026_fire_protection/data/2026_diavgeia_filtered.csv,34,7641,2445,5196,2445,0,0,2445,True,NONE
2026-06-22 11:02:32,/home/runner/work/2026_fire_protection/2026_fire_protection/data/2026_diavgeia.csv,/home/runner/work/2026_fire_protection/2026_fire_protection/data/pdf_pages_dataset.csv,/home/runner/work/2026_fire_protection/2026_fire_protection/data/2026_diavgeia_filtered.csv,34,7650,2445,5205,2445,0,0,2445,True,NONE
2026-06-22 15:02:13,/home/runner/work/2026_fire_protection/2026_fire_protection/data/2026_diavgeia.csv,/home/runner/work/2026_fire_protection/2026_fire_protection/data/pdf_pages_dataset.csv,/home/runner/work/2026_fire_protection/2026_fire_protection/data/2026_diavgeia_filtered.csv,34,7657,2448,5209,2448,0,0,2448,True,NONE
2026-06-23 04:01:52,/home/runner/work/2026_fire_protection/2026_fire_protection/data/2026_diavgeia.csv,/home/runner/work/2026_fire_protection/2026_fire_protection/data/pdf_pages_dataset.csv,/home/runner/work/2026_fire_protection/2026_fire_protection/data/2026_diavgeia_filtered.csv,34,7657,2448,5209,2448,0,0,2448,True,NONE
2026-06-23 06:02:14,/home/runner/work/2026_fire_protection/2026_fire_protection/data/2026_diavgeia.csv,/home/runner/work/2026_fire_protection/2026_fire_protection/data/pdf_pages_dataset.csv,/home/runner/work/2026_fire_protection/2026_fire_protection/data/2026_diavgeia_filtered.csv,34,7659,2448,5211,2448,0,0,2448,True,NONE
2026-06-23 08:02:25,/home/runner/work/2026_fire_protection/2026_fire_protection/data/2026_diavgeia.csv,/home/runner/work/2026_fire_protection/2026_fire_protection/data/pdf_pages_dataset.csv,/home/runner/work/2026_fire_protection/2026_fire_protection/data/2026_diavgeia_filtered.csv,34,7662,2449,5213,2449,0,0,2449,True,NONE
2026-06-23 11:02:27,/home/runner/work/2026_fire_protection/2026_fire_protection/data/2026_diavgeia.csv,/home/runner/work/2026_fire_protection/2026_fire_protection/data/pdf_pages_dataset.csv,/home/runner/work/2026_fire_protection/2026_fire_protection/data/2026_diavgeia_filtered.csv,34,7669,2453,5216,2453,0,0,2453,True,NONE
2026-06-23 15:02:06,/home/runner/work/2026_fire_protection/2026_fire_protection/data/2026_diavgeia.csv,/home/runner/work/2026_fire_protection/2026_fire_protection/data/pdf_pages_dataset.csv,/home/runner/work/2026_fire_protection/2026_fire_protection/data/2026_diavgeia_filtered.csv,34,7671,2455,5216,2455,0,0,2455,True,NONE
2026-06-24 04:02:08,/home/runner/work/2026_fire_protection/2026_fire_protection/data/2026_diavgeia.csv,/home/runner/work/2026_fire_protection/2026_fire_protection/data/pdf_pages_dataset.csv,/home/runner/work/2026_fire_protection/2026_fire_protection/data/2026_diavgeia_filtered.csv,34,7671,2455,5216,2455,0,0,2455,True,NONE
2026-06-24 06:02:11,/home/runner/work/2026_fire_protection/2026_fire_protection/data/2026_diavgeia.csv,/home/runner/work/2026_fire_protection/2026_fire_protection/data/pdf_pages_dataset.csv,/home/runner/work/2026_fire_protection/2026_fire_protection/data/2026_diavgeia_filtered.csv,34,7671,2455,5216,2455,0,0,2455,True,NONE
2026-06-24 08:02:38,/home/runner/work/2026_fire_protection/2026_fire_protection/data/2026_diavgeia.csv,/home/runner/work/2026_fire_protection/2026_fire_protection/data/pdf_pages_dataset.csv,/home/runner/work/2026_fire_protection/2026_fire_protection/data/2026_diavgeia_filtered.csv,34,7679,2458,5221,2458,0,0,2458,True,NONE
2026-06-24 11:02:32,/home/runner/work/2026_fire_protection/2026_fire_protection/data/2026_diavgeia.csv,/home/runner/work/2026_fire_protection/2026_fire_protection/data/pdf_pages_dataset.csv,/home/runner/work/2026_fire_protection/2026_fire_protection/data/2026_diavgeia_filtered.csv,34,7686,2458,5228,2458,0,0,2458,True,NONE
2026-06-24 15:02:10,/home/runner/work/2026_fire_protection/2026_fire_protection/data/2026_diavgeia.csv,/home/runner/work/2026_fire_protection/2026_fire_protection/data/pdf_pages_dataset.csv,/home/runner/work/2026_fire_protection/2026_fire_protection/data/2026_diavgeia_filtered.csv,34,7688,2459,5229,2459,0,0,2459,True,NONE
2026-06-25 04:02:07,/home/runner/work/2026_fire_protection/2026_fire_protection/data/2026_diavgeia.csv,/home/runner/work/2026_fire_protection/2026_fire_protection/data/pdf_pages_dataset.csv,/home/runner/work/2026_fire_protection/2026_fire_protection/data/2026_diavgeia_filtered.csv,34,7688,2459,5229,2459,0,0,2459,True,NONE
2026-06-25 06:02:13,/home/runner/work/2026_fire_protection/2026_fire_protection/data/2026_diavgeia.csv,/home/runner/work/2026_fire_protection/2026_fire_protection/data/pdf_pages_dataset.csv,/home/runner/work/2026_fire_protection/2026_fire_protection/data/2026_diavgeia_filtered.csv,34,7691,2461,5230,2461,0,0,2461,True,NONE
2026-06-25 08:02:10,/home/runner/work/2026_fire_protection/2026_fire_protection/data/2026_diavgeia.csv,/home/runner/work/2026_fire_protection/2026_fire_protection/data/pdf_pages_dataset.csv,/home/runner/work/2026_fire_protection/2026_fire_protection/data/2026_diavgeia_filtered.csv,34,7695,2462,5233,2462,0,0,2462,True,NONE
2026-06-25 11:02:21,/home/runner/work/2026_fire_protection/2026_fire_protection/data/2026_diavgeia.csv,/home/runner/work/2026_fire_protection/2026_fire_protection/data/pdf_pages_dataset.csv,/home/runner/work/2026_fire_protection/2026_fire_protection/data/2026_diavgeia_filtered.csv,34,7697,2462,5235,2462,0,0,2462,True,NONE
2026-06-25 15:01:59,/home/runner/work/2026_fire_protection/2026_fire_protection/data/2026_diavgeia.csv,/home/runner/work/2026_fire_protection/2026_fire_protection/data/pdf_pages_dataset.csv,/home/runner/work/2026_fire_protection/2026_fire_protection/data/2026_diavgeia_filtered.csv,34,7699,2462,5237,2462,0,0,2462,True,NONE
2026-06-26 04:01:57,/home/runner/work/2026_fire_protection/2026_fire_protection/data/2026_diavgeia.csv,/home/runner/work/2026_fire_protection/2026_fire_protection/data/pdf_pages_dataset.csv,/home/runner/work/2026_fire_protection/2026_fire_protection/data/2026_diavgeia_filtered.csv,34,7699,2462,5237,2462,0,0,2462,True,NONE
2026-06-26 06:02:17,/home/runner/work/2026_fire_protection/2026_fire_protection/data/2026_diavgeia.csv,/home/runner/work/2026_fire_protection/2026_fire_protection/data/pdf_pages_dataset.csv,/home/runner/work/2026_fire_protection/2026_fire_protection/data/2026_diavgeia_filtered.csv,34,7700,2462,5238,2462,0,0,2462,True,NONE
2026-06-26 08:02:25,/home/runner/work/2026_fire_protection/2026_fire_protection/data/2026_diavgeia.csv,/home/runner/work/2026_fire_protection/2026_fire_protection/data/pdf_pages_dataset.csv,/home/runner/work/2026_fire_protection/2026_fire_protection/data/2026_diavgeia_filtered.csv,34,7704,2463,5241,2463,0,0,2463,True,NONE
2026-06-26 11:02:33,/home/runner/work/2026_fire_protection/2026_fire_protection/data/2026_diavgeia.csv,/home/runner/work/2026_fire_protection/2026_fire_protection/data/pdf_pages_dataset.csv,/home/runner/work/2026_fire_protection/2026_fire_protection/data/2026_diavgeia_filtered.csv,34,7712,2465,5247,2465,0,0,2465,True,NONE
2026-06-26 15:01:52,/home/runner/work/2026_fire_protection/2026_fire_protection/data/2026_diavgeia.csv,/home/runner/work/2026_fire_protection/2026_fire_protection/data/pdf_pages_dataset.csv,/home/runner/work/2026_fire_protection/2026_fire_protection/data/2026_diavgeia_filtered.csv,34,7713,2465,5248,2465,0,0,2465,True,NONE
2026-06-27 04:01:43,/home/runner/work/2026_fire_protection/2026_fire_protection/data/2026_diavgeia.csv,/home/runner/work/2026_fire_protection/2026_fire_protection/data/pdf_pages_dataset.csv,/home/runner/work/2026_fire_protection/2026_fire_protection/data/2026_diavgeia_filtered.csv,34,7713,2465,5248,2465,0,0,2465,True,NONE
2026-06-27 06:01:58,/home/runner/work/2026_fire_protection/2026_fire_protection/data/2026_diavgeia.csv,/home/runner/work/2026_fire_protection/2026_fire_protection/data/pdf_pages_dataset.csv,/home/runner/work/2026_fire_protection/2026_fire_protection/data/2026_diavgeia_filtered.csv,34,7713,2465,5248,2465,0,0,2465,True,NONE
2026-06-27 08:01:59,/home/runner/work/2026_fire_protection/2026_fire_protection/data/2026_diavgeia.csv,/home/runner/work/2026_fire_protection/2026_fire_protection/data/pdf_pages_dataset.csv,/home/runner/work/2026_fire_protection/2026_fire_protection/data/2026_diavgeia_filtered.csv,34,7713,2465,5248,2465,0,0,2465,True,NONE
2026-06-27 11:01:58,/home/runner/work/2026_fire_protection/2026_fire_protection/data/2026_diavgeia.csv,/home/runner/work/2026_fire_protection/2026_fire_protection/data/pdf_pages_dataset.csv,/home/runner/work/2026_fire_protection/2026_fire_protection/data/2026_diavgeia_filtered.csv,34,7713,2465,5248,2465,0,0,2465,True,NONE
2026-06-27 15:02:12,/home/runner/work/2026_fire_protection/2026_fire_protection/data/2026_diavgeia.csv,/home/runner/work/2026_fire_protection/2026_fire_protection/data/pdf_pages_dataset.csv,/home/runner/work/2026_fire_protection/2026_fire_protection/data/2026_diavgeia_filtered.csv,34,7713,2465,5248,2465,0,0,2465,True,NONE
2026-06-28 04:01:54,/home/runner/work/2026_fire_protection/2026_fire_protection/data/2026_diavgeia.csv,/home/runner/work/2026_fire_protection/2026_fire_protection/data/pdf_pages_dataset.csv,/home/runner/work/2026_fire_protection/2026_fire_protection/data/2026_diavgeia_filtered.csv,34,7713,2465,5248,2465,0,0,2465,True,NONE
2026-06-28 06:02:05,/home/runner/work/2026_fire_protection/2026_fire_protection/data/2026_diavgeia.csv,/home/runner/work/2026_fire_protection/2026_fire_protection/data/pdf_pages_dataset.csv,/home/runner/work/2026_fire_protection/2026_fire_protection/data/2026_diavgeia_filtered.csv,34,7713,2465,5248,2465,0,0,2465,True,NONE
2026-06-28 10:30:44,/Users/troboukis/Code/fire_protection_2026/data/2026_diavgeia.csv,/Users/troboukis/Code/fire_protection_2026/data/pdf_pages_dataset.csv,/Users/troboukis/Code/fire_protection_2026/data/2026_diavgeia_filtered.csv,34,7713,6291,1422,2465,5863,6541,6291,True,NONE
2026-06-28 08:01:51,/home/runner/work/2026_fire_protection/2026_fire_protection/data/2026_diavgeia.csv,/home/runner/work/2026_fire_protection/2026_fire_protection/data/pdf_pages_dataset.csv,/home/runner/work/2026_fire_protection/2026_fire_protection/data/2026_diavgeia_filtered.csv,34,7713,2465,5248,2465,0,0,2465,True,NONE
2026-06-28 11:02:00,/home/runner/work/2026_fire_protection/2026_fire_protection/data/2026_diavgeia.csv,/home/runner/work/2026_fire_protection/2026_fire_protection/data/pdf_pages_dataset.csv,/home/runner/work/2026_fire_protection/2026_fire_protection/data/2026_diavgeia_filtered.csv,34,7714,2466,5248,2466,0,0,2466,True,NONE
2026-06-28 15:02:01,/home/runner/work/2026_fire_protection/2026_fire_protection/data/2026_diavgeia.csv,/home/runner/work/2026_fire_protection/2026_fire_protection/data/pdf_pages_dataset.csv,/home/runner/work/2026_fire_protection/2026_fire_protection/data/2026_diavgeia_filtered.csv,34,7714,2466,5248,2466,0,0,2466,True,NONE
2026-06-28 20:14:33,/Users/troboukis/Code/fire_protection_2026/data/2026_diavgeia.csv,/Users/troboukis/Code/fire_protection_2026/data/pdf_pages_dataset.csv,/Users/troboukis/Code/fire_protection_2026/data/2026_diavgeia_filtered.csv,34,7714,6292,1422,2466,5863,6541,6292,True,NONE
2026-06-29 04:02:24,/home/runner/work/2026_fire_protection/2026_fire_protection/data/2026_diavgeia.csv,/home/runner/work/2026_fire_protection/2026_fire_protection/data/pdf_pages_dataset.csv,/home/runner/work/2026_fire_protection/2026_fire_protection/data/2026_diavgeia_filtered.csv,34,7714,2466,5248,2466,0,0,2466,True,NONE
2026-06-29 06:02:08,/home/runner/work/2026_fire_protection/2026_fire_protection/data/2026_diavgeia.csv,/home/runner/work/2026_fire_protection/2026_fire_protection/data/pdf_pages_dataset.csv,/home/runner/work/2026_fire_protection/2026_fire_protection/data/2026_diavgeia_filtered.csv,34,7716,2466,5250,2466,0,0,2466,True,NONE
2026-06-29 08:02:21,/home/runner/work/2026_fire_protection/2026_fire_protection/data/2026_diavgeia.csv,/home/runner/work/2026_fire_protection/2026_fire_protection/data/pdf_pages_dataset.csv,/home/runner/work/2026_fire_protection/2026_fire_protection/data/2026_diavgeia_filtered.csv,34,7719,2466,5253,2466,0,0,2466,True,NONE
2026-06-29 11:02:23,/home/runner/work/2026_fire_protection/2026_fire_protection/data/2026_diavgeia.csv,/home/runner/work/2026_fire_protection/2026_fire_protection/data/pdf_pages_dataset.csv,/home/runner/work/2026_fire_protection/2026_fire_protection/data/2026_diavgeia_filtered.csv,34,7729,2467,5262,2467,0,0,2467,True,NONE
2026-06-29 15:02:18,/home/runner/work/2026_fire_protection/2026_fire_protection/data/2026_diavgeia.csv,/home/runner/work/2026_fire_protection/2026_fire_protection/data/pdf_pages_dataset.csv,/home/runner/work/2026_fire_protection/2026_fire_protection/data/2026_diavgeia_filtered.csv,34,7731,2468,5263,2468,0,0,2468,True,NONE
2026-06-30 04:01:53,/home/runner/work/2026_fire_protection/2026_fire_protection/data/2026_diavgeia.csv,/home/runner/work/2026_fire_protection/2026_fire_protection/data/pdf_pages_dataset.csv,/home/runner/work/2026_fire_protection/2026_fire_protection/data/2026_diavgeia_filtered.csv,34,7732,2469,5263,2469,0,0,2469,True,NONE
2026-06-30 06:02:28,/home/runner/work/2026_fire_protection/2026_fire_protection/data/2026_diavgeia.csv,/home/runner/work/2026_fire_protection/2026_fire_protection/data/pdf_pages_dataset.csv,/home/runner/work/2026_fire_protection/2026_fire_protection/data/2026_diavgeia_filtered.csv,34,7734,2469,5265,2469,0,0,2469,True,NONE
2026-06-30 08:02:06,/home/runner/work/2026_fire_protection/2026_fire_protection/data/2026_diavgeia.csv,/home/runner/work/2026_fire_protection/2026_fire_protection/data/pdf_pages_dataset.csv,/home/runner/work/2026_fire_protection/2026_fire_protection/data/2026_diavgeia_filtered.csv,34,7737,2469,5268,2469,0,0,2469,True,NONE
2026-06-30 11:02:10,/home/runner/work/2026_fire_protection/2026_fire_protection/data/2026_diavgeia.csv,/home/runner/work/2026_fire_protection/2026_fire_protection/data/pdf_pages_dataset.csv,/home/runner/work/2026_fire_protection/2026_fire_protection/data/2026_diavgeia_filtered.csv,34,7743,2471,5272,2471,0,0,2471,True,NONE
2026-06-30 15:02:08,/home/runner/work/2026_fire_protection/2026_fire_protection/data/2026_diavgeia.csv,/home/runner/work/2026_fire_protection/2026_fire_protection/data/pdf_pages_dataset.csv,/home/runner/work/2026_fire_protection/2026_fire_protection/data/2026_diavgeia_filtered.csv,34,7747,2473,5274,2473,0,0,2473,True,NONE
2026-07-01 04:02:16,/home/runner/work/2026_fire_protection/2026_fire_protection/data/2026_diavgeia.csv,/home/runner/work/2026_fire_protection/2026_fire_protection/data/pdf_pages_dataset.csv,/home/runner/work/2026_fire_protection/2026_fire_protection/data/2026_diavgeia_filtered.csv,34,7747,2473,5274,2473,0,0,2473,True,NONE
2026-07-01 06:02:09,/home/runner/work/2026_fire_protection/2026_fire_protection/data/2026_diavgeia.csv,/home/runner/work/2026_fire_protection/2026_fire_protection/data/pdf_pages_dataset.csv,/home/runner/work/2026_fire_protection/2026_fire_protection/data/2026_diavgeia_filtered.csv,34,7747,2473,5274,2473,0,0,2473,True,NONE
2026-07-01 08:02:21,/home/runner/work/2026_fire_protection/2026_fire_protection/data/2026_diavgeia.csv,/home/runner/work/2026_fire_protection/2026_fire_protection/data/pdf_pages_dataset.csv,/home/runner/work/2026_fire_protection/2026_fire_protection/data/2026_diavgeia_filtered.csv,34,7748,2474,5274,2474,0,0,2474,True,NONE
2026-07-01 11:02:15,/home/runner/work/2026_fire_protection/2026_fire_protection/data/2026_diavgeia.csv,/home/runner/work/2026_fire_protection/2026_fire_protection/data/pdf_pages_dataset.csv,/home/runner/work/2026_fire_protection/2026_fire_protection/data/2026_diavgeia_filtered.csv,34,7751,2474,5277,2474,0,0,2474,True,NONE
2026-07-01 15:01:54,/home/runner/work/2026_fire_protection/2026_fire_protection/data/2026_diavgeia.csv,/home/runner/work/2026_fire_protection/2026_fire_protection/data/pdf_pages_dataset.csv,/home/runner/work/2026_fire_protection/2026_fire_protection/data/2026_diavgeia_filtered.csv,34,7752,2474,5278,2474,0,0,2474,True,NONE
2026-07-02 04:02:18,/home/runner/work/2026_fire_protection/2026_fire_protection/data/2026_diavgeia.csv,/home/runner/work/2026_fire_protection/2026_fire_protection/data/pdf_pages_dataset.csv,/home/runner/work/2026_fire_protection/2026_fire_protection/data/2026_diavgeia_filtered.csv,34,7752,2474,5278,2474,0,0,2474,True,NONE
2026-07-02 06:02:18,/home/runner/work/2026_fire_protection/2026_fire_protection/data/2026_diavgeia.csv,/home/runner/work/2026_fire_protection/2026_fire_protection/data/pdf_pages_dataset.csv,/home/runner/work/2026_fire_protection/2026_fire_protection/data/2026_diavgeia_filtered.csv,34,7754,2474,5280,2474,0,0,2474,True,NONE
2026-07-02 08:02:27,/home/runner/work/2026_fire_protection/2026_fire_protection/data/2026_diavgeia.csv,/home/runner/work/2026_fire_protection/2026_fire_protection/data/pdf_pages_dataset.csv,/home/runner/work/2026_fire_protection/2026_fire_protection/data/2026_diavgeia_filtered.csv,34,7760,2475,5285,2475,0,0,2475,True,NONE
2026-07-02 11:02:25,/home/runner/work/2026_fire_protection/2026_fire_protection/data/2026_diavgeia.csv,/home/runner/work/2026_fire_protection/2026_fire_protection/data/pdf_pages_dataset.csv,/home/runner/work/2026_fire_protection/2026_fire_protection/data/2026_diavgeia_filtered.csv,34,7768,2475,5293,2475,0,0,2475,True,NONE
2026-07-02 15:02:00,/home/runner/work/2026_fire_protection/2026_fire_protection/data/2026_diavgeia.csv,/home/runner/work/2026_fire_protection/2026_fire_protection/data/pdf_pages_dataset.csv,/home/runner/work/2026_fire_protection/2026_fire_protection/data/2026_diavgeia_filtered.csv,34,7773,2477,5296,2477,0,0,2477,True,NONE
2026-07-03 04:02:13,/home/runner/work/2026_fire_protection/2026_fire_protection/data/2026_diavgeia.csv,/home/runner/work/2026_fire_protection/2026_fire_protection/data/pdf_pages_dataset.csv,/home/runner/work/2026_fire_protection/2026_fire_protection/data/2026_diavgeia_filtered.csv,34,7773,2477,5296,2477,0,0,2477,True,NONE
2026-07-03 06:02:18,/home/runner/work/2026_fire_protection/2026_fire_protection/data/2026_diavgeia.csv,/home/runner/work/2026_fire_protection/2026_fire_protection/data/pdf_pages_dataset.csv,/home/runner/work/2026_fire_protection/2026_fire_protection/data/2026_diavgeia_filtered.csv,34,7776,2478,5298,2478,0,0,2478,True,NONE
2026-07-03 08:02:19,/home/runner/work/2026_fire_protection/2026_fire_protection/data/2026_diavgeia.csv,/home/runner/work/2026_fire_protection/2026_fire_protection/data/pdf_pages_dataset.csv,/home/runner/work/2026_fire_protection/2026_fire_protection/data/2026_diavgeia_filtered.csv,34,7779,2478,5301,2478,0,0,2478,True,NONE
2026-07-03 11:02:14,/home/runner/work/2026_fire_protection/2026_fire_protection/data/2026_diavgeia.csv,/home/runner/work/2026_fire_protection/2026_fire_protection/data/pdf_pages_dataset.csv,/home/runner/work/2026_fire_protection/2026_fire_protection/data/2026_diavgeia_filtered.csv,34,7784,2480,5304,2480,0,0,2480,True,NONE
2026-07-03 15:02:17,/home/runner/work/2026_fire_protection/2026_fire_protection/data/2026_diavgeia.csv,/home/runner/work/2026_fire_protection/2026_fire_protection/data/pdf_pages_dataset.csv,/home/runner/work/2026_fire_protection/2026_fire_protection/data/2026_diavgeia_filtered.csv,34,7785,2481,5304,2481,0,0,2481,True,NONE
2026-07-04 04:01:57,/home/runner/work/2026_fire_protection/2026_fire_protection/data/2026_diavgeia.csv,/home/runner/work/2026_fire_protection/2026_fire_protection/data/pdf_pages_dataset.csv,/home/runner/work/2026_fire_protection/2026_fire_protection/data/2026_diavgeia_filtered.csv,34,7785,2481,5304,2481,0,0,2481,True,NONE
2026-07-04 06:02:06,/home/runner/work/2026_fire_protection/2026_fire_protection/data/2026_diavgeia.csv,/home/runner/work/2026_fire_protection/2026_fire_protection/data/pdf_pages_dataset.csv,/home/runner/work/2026_fire_protection/2026_fire_protection/data/2026_diavgeia_filtered.csv,34,7785,2481,5304,2481,0,0,2481,True,NONE
2026-07-04 08:02:08,/home/runner/work/2026_fire_protection/2026_fire_protection/data/2026_diavgeia.csv,/home/runner/work/2026_fire_protection/2026_fire_protection/data/pdf_pages_dataset.csv,/home/runner/work/2026_fire_protection/2026_fire_protection/data/2026_diavgeia_filtered.csv,34,7785,2481,5304,2481,0,0,2481,True,NONE
2026-07-04 11:01:54,/home/runner/work/2026_fire_protection/2026_fire_protection/data/2026_diavgeia.csv,/home/runner/work/2026_fire_protection/2026_fire_protection/data/pdf_pages_dataset.csv,/home/runner/work/2026_fire_protection/2026_fire_protection/data/2026_diavgeia_filtered.csv,34,7786,2481,5305,2481,0,0,2481,True,NONE
2026-07-04 15:02:05,/home/runner/work/2026_fire_protection/2026_fire_protection/data/2026_diavgeia.csv,/home/runner/work/2026_fire_protection/2026_fire_protection/data/pdf_pages_dataset.csv,/home/runner/work/2026_fire_protection/2026_fire_protection/data/2026_diavgeia_filtered.csv,34,7787,2482,5305,2482,0,0,2482,True,NONE
2026-07-05 04:02:10,/home/runner/work/2026_fire_protection/2026_fire_protection/data/2026_diavgeia.csv,/home/runner/work/2026_fire_protection/2026_fire_protection/data/pdf_pages_dataset.csv,/home/runner/work/2026_fire_protection/2026_fire_protection/data/2026_diavgeia_filtered.csv,34,7787,2482,5305,2482,0,0,2482,True,NONE
2026-07-05 06:02:05,/home/runner/work/2026_fire_protection/2026_fire_protection/data/2026_diavgeia.csv,/home/runner/work/2026_fire_protection/2026_fire_protection/data/pdf_pages_dataset.csv,/home/runner/work/2026_fire_protection/2026_fire_protection/data/2026_diavgeia_filtered.csv,34,7787,2482,5305,2482,0,0,2482,True,NONE
2026-07-05 08:02:13,/home/runner/work/2026_fire_protection/2026_fire_protection/data/2026_diavgeia.csv,/home/runner/work/2026_fire_protection/2026_fire_protection/data/pdf_pages_dataset.csv,/home/runner/work/2026_fire_protection/2026_fire_protection/data/2026_diavgeia_filtered.csv,34,7787,2482,5305,2482,0,0,2482,True,NONE
2026-07-05 11:01:59,/home/runner/work/2026_fire_protection/2026_fire_protection/data/2026_diavgeia.csv,/home/runner/work/2026_fire_protection/2026_fire_protection/data/pdf_pages_dataset.csv,/home/runner/work/2026_fire_protection/2026_fire_protection/data/2026_diavgeia_filtered.csv,34,7787,2482,5305,2482,0,0,2482,True,NONE
2026-07-05 15:02:21,/home/runner/work/2026_fire_protection/2026_fire_protection/data/2026_diavgeia.csv,/home/runner/work/2026_fire_protection/2026_fire_protection/data/pdf_pages_dataset.csv,/home/runner/work/2026_fire_protection/2026_fire_protection/data/2026_diavgeia_filtered.csv,34,7787,2482,5305,2482,0,0,2482,True,NONE
2026-07-06 04:02:08,/home/runner/work/2026_fire_protection/2026_fire_protection/data/2026_diavgeia.csv,/home/runner/work/2026_fire_protection/2026_fire_protection/data/pdf_pages_dataset.csv,/home/runner/work/2026_fire_protection/2026_fire_protection/data/2026_diavgeia_filtered.csv,34,7787,2482,5305,2482,0,0,2482,True,NONE
2026-07-06 06:02:33,/home/runner/work/2026_fire_protection/2026_fire_protection/data/2026_diavgeia.csv,/home/runner/work/2026_fire_protection/2026_fire_protection/data/pdf_pages_dataset.csv,/home/runner/work/2026_fire_protection/2026_fire_protection/data/2026_diavgeia_filtered.csv,34,7789,2482,5307,2482,0,0,2482,True,NONE
2026-07-06 08:02:41,/home/runner/work/2026_fire_protection/2026_fire_protection/data/2026_diavgeia.csv,/home/runner/work/2026_fire_protection/2026_fire_protection/data/pdf_pages_dataset.csv,/home/runner/work/2026_fire_protection/2026_fire_protection/data/2026_diavgeia_filtered.csv,34,7792,2482,5310,2482,0,0,2482,True,NONE
2026-07-06 11:02:37,/home/runner/work/2026_fire_protection/2026_fire_protection/data/2026_diavgeia.csv,/home/runner/work/2026_fire_protection/2026_fire_protection/data/pdf_pages_dataset.csv,/home/runner/work/2026_fire_protection/2026_fire_protection/data/2026_diavgeia_filtered.csv,34,7794,2482,5312,2482,0,0,2482,True,NONE
2026-07-06 15:02:32,/home/runner/work/2026_fire_protection/2026_fire_protection/data/2026_diavgeia.csv,/home/runner/work/2026_fire_protection/2026_fire_protection/data/pdf_pages_dataset.csv,/home/runner/work/2026_fire_protection/2026_fire_protection/data/2026_diavgeia_filtered.csv,34,7796,2483,5313,2483,0,0,2483,True,NONE
2026-07-07 04:02:13,/home/runner/work/2026_fire_protection/2026_fire_protection/data/2026_diavgeia.csv,/home/runner/work/2026_fire_protection/2026_fire_protection/data/pdf_pages_dataset.csv,/home/runner/work/2026_fire_protection/2026_fire_protection/data/2026_diavgeia_filtered.csv,34,7796,2483,5313,2483,0,0,2483,True,NONE
2026-07-07 06:02:36,/home/runner/work/2026_fire_protection/2026_fire_protection/data/2026_diavgeia.csv,/home/runner/work/2026_fire_protection/2026_fire_protection/data/pdf_pages_dataset.csv,/home/runner/work/2026_fire_protection/2026_fire_protection/data/2026_diavgeia_filtered.csv,34,7797,2483,5314,2483,0,0,2483,True,NONE
2026-07-07 08:02:40,/home/runner/work/2026_fire_protection/2026_fire_protection/data/2026_diavgeia.csv,/home/runner/work/2026_fire_protection/2026_fire_protection/data/pdf_pages_dataset.csv,/home/runner/work/2026_fire_protection/2026_fire_protection/data/2026_diavgeia_filtered.csv,34,7799,2484,5315,2484,0,0,2484,True,NONE
2026-07-07 11:02:42,/home/runner/work/2026_fire_protection/2026_fire_protection/data/2026_diavgeia.csv,/home/runner/work/2026_fire_protection/2026_fire_protection/data/pdf_pages_dataset.csv,/home/runner/work/2026_fire_protection/2026_fire_protection/data/2026_diavgeia_filtered.csv,34,7803,2484,5319,2484,0,0,2484,True,NONE
2026-07-07 15:02:43,/home/runner/work/2026_fire_protection/2026_fire_protection/data/2026_diavgeia.csv,/home/runner/work/2026_fire_protection/2026_fire_protection/data/pdf_pages_dataset.csv,/home/runner/work/2026_fire_protection/2026_fire_protection/data/2026_diavgeia_filtered.csv,34,7805,2484,5321,2484,0,0,2484,True,NONE
2026-07-08 04:02:03,/home/runner/work/2026_fire_protection/2026_fire_protection/data/2026_diavgeia.csv,/home/runner/work/2026_fire_protection/2026_fire_protection/data/pdf_pages_dataset.csv,/home/runner/work/2026_fire_protection/2026_fire_protection/data/2026_diavgeia_filtered.csv,34,7805,2484,5321,2484,0,0,2484,True,NONE
2026-07-08 06:02:33,/home/runner/work/2026_fire_protection/2026_fire_protection/data/2026_diavgeia.csv,/home/runner/work/2026_fire_protection/2026_fire_protection/data/pdf_pages_dataset.csv,/home/runner/work/2026_fire_protection/2026_fire_protection/data/2026_diavgeia_filtered.csv,34,7806,2485,5321,2485,0,0,2485,True,NONE
2026-07-08 08:02:34,/home/runner/work/2026_fire_protection/2026_fire_protection/data/2026_diavgeia.csv,/home/runner/work/2026_fire_protection/2026_fire_protection/data/pdf_pages_dataset.csv,/home/runner/work/2026_fire_protection/2026_fire_protection/data/2026_diavgeia_filtered.csv,34,7808,2487,5321,2487,0,0,2487,True,NONE
2026-07-08 11:02:36,/home/runner/work/2026_fire_protection/2026_fire_protection/data/2026_diavgeia.csv,/home/runner/work/2026_fire_protection/2026_fire_protection/data/pdf_pages_dataset.csv,/home/runner/work/2026_fire_protection/2026_fire_protection/data/2026_diavgeia_filtered.csv,34,7814,2489,5325,2489,0,0,2489,True,NONE
2026-07-08 15:02:18,/home/runner/work/2026_fire_protection/2026_fire_protection/data/2026_diavgeia.csv,/home/runner/work/2026_fire_protection/2026_fire_protection/data/pdf_pages_dataset.csv,/home/runner/work/2026_fire_protection/2026_fire_protection/data/2026_diavgeia_filtered.csv,34,7816,2490,5326,2490,0,0,2490,True,NONE
2026-07-09 04:02:20,/home/runner/work/2026_fire_protection/2026_fire_protection/data/2026_diavgeia.csv,/home/runner/work/2026_fire_protection/2026_fire_protection/data/pdf_pages_dataset.csv,/home/runner/work/2026_fire_protection/2026_fire_protection/data/2026_diavgeia_filtered.csv,34,7816,2490,5326,2490,0,0,2490,True,NONE
2026-07-09 06:02:46,/home/runner/work/2026_fire_protection/2026_fire_protection/data/2026_diavgeia.csv,/home/runner/work/2026_fire_protection/2026_fire_protection/data/pdf_pages_dataset.csv,/home/runner/work/2026_fire_protection/2026_fire_protection/data/2026_diavgeia_filtered.csv,34,7817,2490,5327,2490,0,0,2490,True,NONE
2026-07-09 08:06:15,/home/runner/work/2026_fire_protection/2026_fire_protection/data/2026_diavgeia.csv,/home/runner/work/2026_fire_protection/2026_fire_protection/data/pdf_pages_dataset.csv,/home/runner/work/2026_fire_protection/2026_fire_protection/data/2026_diavgeia_filtered.csv,34,7821,2491,5330,2491,0,0,2491,True,NONE
2026-07-09 11:02:52,/home/runner/work/2026_fire_protection/2026_fire_protection/data/2026_diavgeia.csv,/home/runner/work/2026_fire_protection/2026_fire_protection/data/pdf_pages_dataset.csv,/home/runner/work/2026_fire_protection/2026_fire_protection/data/2026_diavgeia_filtered.csv,34,7826,2493,5333,2493,0,0,2493,True,NONE
2026-07-09 15:02:12,/home/runner/work/2026_fire_protection/2026_fire_protection/data/2026_diavgeia.csv,/home/runner/work/2026_fire_protection/2026_fire_protection/data/pdf_pages_dataset.csv,/home/runner/work/2026_fire_protection/2026_fire_protection/data/2026_diavgeia_filtered.csv,34,7827,2493,5334,2493,0,0,2493,True,NONE
2026-07-10 04:02:41,/home/runner/work/2026_fire_protection/2026_fire_protection/data/2026_diavgeia.csv,/home/runner/work/2026_fire_protection/2026_fire_protection/data/pdf_pages_dataset.csv,/home/runner/work/2026_fire_protection/2026_fire_protection/data/2026_diavgeia_filtered.csv,34,7827,2493,5334,2493,0,0,2493,True,NONE
2026-07-10 06:02:32,/home/runner/work/2026_fire_protection/2026_fire_protection/data/2026_diavgeia.csv,/home/runner/work/2026_fire_protection/2026_fire_protection/data/pdf_pages_dataset.csv,/home/runner/work/2026_fire_protection/2026_fire_protection/data/2026_diavgeia_filtered.csv,34,7828,2493,5335,2493,0,0,2493,True,NONE
2026-07-10 08:02:32,/home/runner/work/2026_fire_protection/2026_fire_protection/data/2026_diavgeia.csv,/home/runner/work/2026_fire_protection/2026_fire_protection/data/pdf_pages_dataset.csv,/home/runner/work/2026_fire_protection/2026_fire_protection/data/2026_diavgeia_filtered.csv,34,7832,2494,5338,2494,0,0,2494,True,NONE
2026-07-10 11:02:39,/home/runner/work/2026_fire_protection/2026_fire_protection/data/2026_diavgeia.csv,/home/runner/work/2026_fire_protection/2026_fire_protection/data/pdf_pages_dataset.csv,/home/runner/work/2026_fire_protection/2026_fire_protection/data/2026_diavgeia_filtered.csv,34,7835,2496,5339,2496,0,0,2496,True,NONE
2026-07-10 15:02:28,/home/runner/work/2026_fire_protection/2026_fire_protection/data/2026_diavgeia.csv,/home/runner/work/2026_fire_protection/2026_fire_protection/data/pdf_pages_dataset.csv,/home/runner/work/2026_fire_protection/2026_fire_protection/data/2026_diavgeia_filtered.csv,34,7840,2500,5340,2500,0,0,2500,True,NONE
2026-07-11 04:02:04,/home/runner/work/2026_fire_protection/2026_fire_protection/data/2026_diavgeia.csv,/home/runner/work/2026_fire_protection/2026_fire_protection/data/pdf_pages_dataset.csv,/home/runner/work/2026_fire_protection/2026_fire_protection/data/2026_diavgeia_filtered.csv,34,7840,2500,5340,2500,0,0,2500,True,NONE
2026-07-11 06:02:15,/home/runner/work/2026_fire_protection/2026_fire_protection/data/2026_diavgeia.csv,/home/runner/work/2026_fire_protection/2026_fire_protection/data/pdf_pages_dataset.csv,/home/runner/work/2026_fire_protection/2026_fire_protection/data/2026_diavgeia_filtered.csv,34,7840,2500,5340,2500,0,0,2500,True,NONE
2026-07-11 08:02:14,/home/runner/work/2026_fire_protection/2026_fire_protection/data/2026_diavgeia.csv,/home/runner/work/2026_fire_protection/2026_fire_protection/data/pdf_pages_dataset.csv,/home/runner/work/2026_fire_protection/2026_fire_protection/data/2026_diavgeia_filtered.csv,34,7840,2500,5340,2500,0,0,2500,True,NONE
2026-07-11 11:02:10,/home/runner/work/2026_fire_protection/2026_fire_protection/data/2026_diavgeia.csv,/home/runner/work/2026_fire_protection/2026_fire_protection/data/pdf_pages_dataset.csv,/home/runner/work/2026_fire_protection/2026_fire_protection/data/2026_diavgeia_filtered.csv,34,7840,2500,5340,2500,0,0,2500,True,NONE
2026-07-11 15:02:17,/home/runner/work/2026_fire_protection/2026_fire_protection/data/2026_diavgeia.csv,/home/runner/work/2026_fire_protection/2026_fire_protection/data/pdf_pages_dataset.csv,/home/runner/work/2026_fire_protection/2026_fire_protection/data/2026_diavgeia_filtered.csv,34,7840,2500,5340,2500,0,0,2500,True,NONE
2026-07-12 04:02:05,/home/runner/work/2026_fire_protection/2026_fire_protection/data/2026_diavgeia.csv,/home/runner/work/2026_fire_protection/2026_fire_protection/data/pdf_pages_dataset.csv,/home/runner/work/2026_fire_protection/2026_fire_protection/data/2026_diavgeia_filtered.csv,34,7840,2500,5340,2500,0,0,2500,True,NONE
2026-07-12 06:02:05,/home/runner/work/2026_fire_protection/2026_fire_protection/data/2026_diavgeia.csv,/home/runner/work/2026_fire_protection/2026_fire_protection/data/pdf_pages_dataset.csv,/home/runner/work/2026_fire_protection/2026_fire_protection/data/2026_diavgeia_filtered.csv,34,7840,2500,5340,2500,0,0,2500,True,NONE
2026-07-12 08:02:31,/home/runner/work/2026_fire_protection/2026_fire_protection/data/2026_diavgeia.csv,/home/runner/work/2026_fire_protection/2026_fire_protection/data/pdf_pages_dataset.csv,/home/runner/work/2026_fire_protection/2026_fire_protection/data/2026_diavgeia_filtered.csv,34,7840,2500,5340,2500,0,0,2500,True,NONE
2026-07-12 11:02:08,/home/runner/work/2026_fire_protection/2026_fire_protection/data/2026_diavgeia.csv,/home/runner/work/2026_fire_protection/2026_fire_protection/data/pdf_pages_dataset.csv,/home/runner/work/2026_fire_protection/2026_fire_protection/data/2026_diavgeia_filtered.csv,34,7840,2500,5340,2500,0,0,2500,True,NONE
2026-07-12 15:02:02,/home/runner/work/2026_fire_protection/2026_fire_protection/data/2026_diavgeia.csv,/home/runner/work/2026_fire_protection/2026_fire_protection/data/pdf_pages_dataset.csv,/home/runner/work/2026_fire_protection/2026_fire_protection/data/2026_diavgeia_filtered.csv,34,7840,2500,5340,2500,0,0,2500,True,NONE
2026-07-13 04:02:18,/home/runner/work/2026_fire_protection/2026_fire_protection/data/2026_diavgeia.csv,/home/runner/work/2026_fire_protection/2026_fire_protection/data/pdf_pages_dataset.csv,/home/runner/work/2026_fire_protection/2026_fire_protection/data/2026_diavgeia_filtered.csv,34,7840,2500,5340,2500,0,0,2500,True,NONE
2026-07-13 06:02:46,/home/runner/work/2026_fire_protection/2026_fire_protection/data/2026_diavgeia.csv,/home/runner/work/2026_fire_protection/2026_fire_protection/data/pdf_pages_dataset.csv,/home/runner/work/2026_fire_protection/2026_fire_protection/data/2026_diavgeia_filtered.csv,34,7840,2500,5340,2500,0,0,2500,True,NONE
2026-07-13 08:02:46,/home/runner/work/2026_fire_protection/2026_fire_protection/data/2026_diavgeia.csv,/home/runner/work/2026_fire_protection/2026_fire_protection/data/pdf_pages_dataset.csv,/home/runner/work/2026_fire_protection/2026_fire_protection/data/2026_diavgeia_filtered.csv,34,7847,2502,5345,2502,0,0,2502,True,NONE
2026-07-13 11:02:44,/home/runner/work/2026_fire_protection/2026_fire_protection/data/2026_diavgeia.csv,/home/runner/work/2026_fire_protection/2026_fire_protection/data/pdf_pages_dataset.csv,/home/runner/work/2026_fire_protection/2026_fire_protection/data/2026_diavgeia_filtered.csv,34,7848,2503,5345,2503,0,0,2503,True,NONE
2026-07-13 15:02:25,/home/runner/work/2026_fire_protection/2026_fire_protection/data/2026_diavgeia.csv,/home/runner/work/2026_fire_protection/2026_fire_protection/data/pdf_pages_dataset.csv,/home/runner/work/2026_fire_protection/2026_fire_protection/data/2026_diavgeia_filtered.csv,34,7849,2503,5346,2503,0,0,2503,True,NONE
2026-07-15 04:02:32,/home/runner/work/2026_fire_protection/2026_fire_protection/data/2026_diavgeia.csv,/home/runner/work/2026_fire_protection/2026_fire_protection/data/pdf_pages_dataset.csv,/home/runner/work/2026_fire_protection/2026_fire_protection/data/2026_diavgeia_filtered.csv,34,7855,2503,5352,2503,0,0,2503,True,NONE
2026-07-15 06:02:22,/home/runner/work/2026_fire_protection/2026_fire_protection/data/2026_diavgeia.csv,/home/runner/work/2026_fire_protection/2026_fire_protection/data/pdf_pages_dataset.csv,/home/runner/work/2026_fire_protection/2026_fire_protection/data/2026_diavgeia_filtered.csv,34,7855,2503,5352,2503,0,0,2503,True,NONE
2026-07-15 09:02:45,/home/runner/work/2026_fire_protection/2026_fire_protection/data/2026_diavgeia.csv,/home/runner/work/2026_fire_protection/2026_fire_protection/data/pdf_pages_dataset.csv,/home/runner/work/2026_fire_protection/2026_fire_protection/data/2026_diavgeia_filtered.csv,34,7864,2504,5360,2504,0,0,2504,True,NONE
2026-07-15 12:02:27,/home/runner/work/2026_fire_protection/2026_fire_protection/data/2026_diavgeia.csv,/home/runner/work/2026_fire_protection/2026_fire_protection/data/pdf_pages_dataset.csv,/home/runner/work/2026_fire_protection/2026_fire_protection/data/2026_diavgeia_filtered.csv,34,7869,2504,5365,2504,0,0,2504,True,NONE
2026-07-16 04:02:04,/home/runner/work/2026_fire_protection/2026_fire_protection/data/2026_diavgeia.csv,/home/runner/work/2026_fire_protection/2026_fire_protection/data/pdf_pages_dataset.csv,/home/runner/work/2026_fire_protection/2026_fire_protection/data/2026_diavgeia_filtered.csv,34,7871,2504,5367,2504,0,0,2504,True,NONE
2026-07-16 06:02:30,/home/runner/work/2026_fire_protection/2026_fire_protection/data/2026_diavgeia.csv,/home/runner/work/2026_fire_protection/2026_fire_protection/data/pdf_pages_dataset.csv,/home/runner/work/2026_fire_protection/2026_fire_protection/data/2026_diavgeia_filtered.csv,34,7872,2504,5368,2504,0,0,2504,True,NONE
2026-07-16 09:02:44,/home/runner/work/2026_fire_protection/2026_fire_protection/data/2026_diavgeia.csv,/home/runner/work/2026_fire_protection/2026_fire_protection/data/pdf_pages_dataset.csv,/home/runner/work/2026_fire_protection/2026_fire_protection/data/2026_diavgeia_filtered.csv,34,7877,2504,5373,2504,0,0,2504,True,NONE
2026-07-16 12:02:38,/home/runner/work/2026_fire_protection/2026_fire_protection/data/2026_diavgeia.csv,/home/runner/work/2026_fire_protection/2026_fire_protection/data/pdf_pages_dataset.csv,/home/runner/work/2026_fire_protection/2026_fire_protection/data/2026_diavgeia_filtered.csv,34,7887,2508,5379,2508,0,0,2508,True,NONE
2026-07-17 04:01:59,/home/runner/work/2026_fire_protection/2026_fire_protection/data/2026_diavgeia.csv,/home/runner/work/2026_fire_protection/2026_fire_protection/data/pdf_pages_dataset.csv,/home/runner/work/2026_fire_protection/2026_fire_protection/data/2026_diavgeia_filtered.csv,34,7887,2508,5379,2508,0,0,2508,True,NONE
2026-07-17 06:02:19,/home/runner/work/2026_fire_protection/2026_fire_protection/data/2026_diavgeia.csv,/home/runner/work/2026_fire_protection/2026_fire_protection/data/pdf_pages_dataset.csv,/home/runner/work/2026_fire_protection/2026_fire_protection/data/2026_diavgeia_filtered.csv,34,7887,2508,5379,2508,0,0,2508,True,NONE
2026-07-17 09:02:26,/home/runner/work/2026_fire_protection/2026_fire_protection/data/2026_diavgeia.csv,/home/runner/work/2026_fire_protection/2026_fire_protection/data/pdf_pages_dataset.csv,/home/runner/work/2026_fire_protection/2026_fire_protection/data/2026_diavgeia_filtered.csv,34,7889,2509,5380,2509,0,0,2509,True,NONE
2026-07-17 12:02:34,/home/runner/work/2026_fire_protection/2026_fire_protection/data/2026_diavgeia.csv,/home/runner/work/2026_fire_protection/2026_fire_protection/data/pdf_pages_dataset.csv,/home/runner/work/2026_fire_protection/2026_fire_protection/data/2026_diavgeia_filtered.csv,34,7893,2510,5383,2510,0,0,2510,True,NONE
2026-07-18 04:01:52,/home/runner/work/2026_fire_protection/2026_fire_protection/data/2026_diavgeia.csv,/home/runner/work/2026_fire_protection/2026_fire_protection/data/pdf_pages_dataset.csv,/home/runner/work/2026_fire_protection/2026_fire_protection/data/2026_diavgeia_filtered.csv,34,7893,2510,5383,2510,0,0,2510,True,NONE
2026-07-18 06:01:57,/home/runner/work/2026_fire_protection/2026_fire_protection/data/2026_diavgeia.csv,/home/runner/work/2026_fire_protection/2026_fire_protection/data/pdf_pages_dataset.csv,/home/runner/work/2026_fire_protection/2026_fire_protection/data/2026_diavgeia_filtered.csv,34,7893,2510,5383,2510,0,0,2510,True,NONE
2026-07-18 09:01:56,/home/runner/work/2026_fire_protection/2026_fire_protection/data/2026_diavgeia.csv,/home/runner/work/2026_fire_protection/2026_fire_protection/data/pdf_pages_dataset.csv,/home/runner/work/2026_fire_protection/2026_fire_protection/data/2026_diavgeia_filtered.csv,34,7893,2510,5383,2510,0,0,2510,True,NONE
2026-07-18 12:01:58,/home/runner/work/2026_fire_protection/2026_fire_protection/data/2026_diavgeia.csv,/home/runner/work/2026_fire_protection/2026_fire_protection/data/pdf_pages_dataset.csv,/home/runner/work/2026_fire_protection/2026_fire_protection/data/2026_diavgeia_filtered.csv,34,7893,2510,5383,2510,0,0,2510,True,NONE
2026-07-19 04:02:29,/home/runner/work/2026_fire_protection/2026_fire_protection/data/2026_diavgeia.csv,/home/runner/work/2026_fire_protection/2026_fire_protection/data/pdf_pages_dataset.csv,/home/runner/work/2026_fire_protection/2026_fire_protection/data/2026_diavgeia_filtered.csv,34,7894,2511,5383,2511,0,0,2511,True,NONE
2026-07-19 06:01:48,/home/runner/work/2026_fire_protection/2026_fire_protection/data/2026_diavgeia.csv,/home/runner/work/2026_fire_protection/2026_fire_protection/data/pdf_pages_dataset.csv,/home/runner/work/2026_fire_protection/2026_fire_protection/data/2026_diavgeia_filtered.csv,34,7894,2511,5383,2511,0,0,2511,True,NONE
2026-07-19 09:02:08,/home/runner/work/2026_fire_protection/2026_fire_protection/data/2026_diavgeia.csv,/home/runner/work/2026_fire_protection/2026_fire_protection/data/pdf_pages_dataset.csv,/home/runner/work/2026_fire_protection/2026_fire_protection/data/2026_diavgeia_filtered.csv,34,7895,2512,5383,2512,0,0,2512,True,NONE
2026-07-19 12:01:52,/home/runner/work/2026_fire_protection/2026_fire_protection/data/2026_diavgeia.csv,/home/runner/work/2026_fire_protection/2026_fire_protection/data/pdf_pages_dataset.csv,/home/runner/work/2026_fire_protection/2026_fire_protection/data/2026_diavgeia_filtered.csv,34,7895,2512,5383,2512,0,0,2512,True,NONE
2026-07-19 20:33:39,/Users/troboukis/Code/fire_protection_2026/data/2026_diavgeia.csv,/Users/troboukis/Code/fire_protection_2026/data/pdf_pages_dataset.csv,/Users/troboukis/Code/fire_protection_2026/data/2026_diavgeia_filtered.csv,34,7895,6338,1557,2512,5863,6541,6338,True,NONE
2026-07-20 04:02:06,/home/runner/work/2026_fire_protection/2026_fire_protection/data/2026_diavgeia.csv,/home/runner/work/2026_fire_protection/2026_fire_protection/data/pdf_pages_dataset.csv,/home/runner/work/2026_fire_protection/2026_fire_protection/data/2026_diavgeia_filtered.csv,34,7895,2512,5383,2512,0,0,2512,True,NONE
2026-07-20 06:02:46,/home/runner/work/2026_fire_protection/2026_fire_protection/data/2026_diavgeia.csv,/home/runner/work/2026_fire_protection/2026_fire_protection/data/pdf_pages_dataset.csv,/home/runner/work/2026_fire_protection/2026_fire_protection/data/2026_diavgeia_filtered.csv,34,7895,2512,5383,2512,0,0,2512,True,NONE
2026-07-20 09:02:25,/home/runner/work/2026_fire_protection/2026_fire_protection/data/2026_diavgeia.csv,/home/runner/work/2026_fire_protection/2026_fire_protection/data/pdf_pages_dataset.csv,/home/runner/work/2026_fire_protection/2026_fire_protection/data/2026_diavgeia_filtered.csv,34,7902,2514,5388,2514,0,0,2514,True,NONE
2026-07-20 12:02:20,/home/runner/work/2026_fire_protection/2026_fire_protection/data/2026_diavgeia.csv,/home/runner/work/2026_fire_protection/2026_fire_protection/data/pdf_pages_dataset.csv,/home/runner/work/2026_fire_protection/2026_fire_protection/data/2026_diavgeia_filtered.csv,34,7905,2515,5390,2515,0,0,2515,True,NONE
2026-07-21 04:02:08,/home/runner/work/2026_fire_protection/2026_fire_protection/data/2026_diavgeia.csv,/home/runner/work/2026_fire_protection/2026_fire_protection/data/pdf_pages_dataset.csv,/home/runner/work/2026_fire_protection/2026_fire_protection/data/2026_diavgeia_filtered.csv,34,7906,2515,5391,2515,0,0,2515,True,NONE
2026-07-21 06:02:01,/home/runner/work/2026_fire_protection/2026_fire_protection/data/2026_diavgeia.csv,/home/runner/work/2026_fire_protection/2026_fire_protection/data/pdf_pages_dataset.csv,/home/runner/work/2026_fire_protection/2026_fire_protection/data/2026_diavgeia_filtered.csv,34,7908,2515,5393,2515,0,0,2515,True,NONE
2026-07-21 09:02:22,/home/runner/work/2026_fire_protection/2026_fire_protection/data/2026_diavgeia.csv,/home/runner/work/2026_fire_protection/2026_fire_protection/data/pdf_pages_dataset.csv,/home/runner/work/2026_fire_protection/2026_fire_protection/data/2026_diavgeia_filtered.csv,34,7913,2517,5396,2517,0,0,2517,True,NONE
2026-07-21 12:02:11,/home/runner/work/2026_fire_protection/2026_fire_protection/data/2026_diavgeia.csv,/home/runner/work/2026_fire_protection/2026_fire_protection/data/pdf_pages_dataset.csv,/home/runner/work/2026_fire_protection/2026_fire_protection/data/2026_diavgeia_filtered.csv,34,7920,2517,5403,2517,0,0,2517,True,NONE
2026-07-22 04:02:10,/home/runner/work/2026_fire_protection/2026_fire_protection/data/2026_diavgeia.csv,/home/runner/work/2026_fire_protection/2026_fire_protection/data/pdf_pages_dataset.csv,/home/runner/work/2026_fire_protection/2026_fire_protection/data/2026_diavgeia_filtered.csv,34,7924,2520,5404,2520,0,0,2520,True,NONE
2026-07-22 06:02:03,/home/runner/work/2026_fire_protection/2026_fire_protection/data/2026_diavgeia.csv,/home/runner/work/2026_fire_protection/2026_fire_protection/data/pdf_pages_dataset.csv,/home/runner/work/2026_fire_protection/2026_fire_protection/data/2026_diavgeia_filtered.csv,34,7927,2521,5406,2521,0,0,2521,True,NONE
2026-07-22 09:02:23,/home/runner/work/2026_fire_protection/2026_fire_protection/data/2026_diavgeia.csv,/home/runner/work/2026_fire_protection/2026_fire_protection/data/pdf_pages_dataset.csv,/home/runner/work/2026_fire_protection/2026_fire_protection/data/2026_diavgeia_filtered.csv,34,7931,2522,5409,2522,0,0,2522,True,NONE
2026-07-22 12:02:19,/home/runner/work/2026_fire_protection/2026_fire_protection/data/2026_diavgeia.csv,/home/runner/work/2026_fire_protection/2026_fire_protection/data/pdf_pages_dataset.csv,/home/runner/work/2026_fire_protection/2026_fire_protection/data/2026_diavgeia_filtered.csv,34,7938,2523,5415,2523,0,0,2523,True,NONE
2026-07-23 04:01:54,/home/runner/work/2026_fire_protection/2026_fire_protection/data/2026_diavgeia.csv,/home/runner/work/2026_fire_protection/2026_fire_protection/data/pdf_pages_dataset.csv,/home/runner/work/2026_fire_protection/2026_fire_protection/data/2026_diavgeia_filtered.csv,34,7939,2523,5416,2523,0,0,2523,True,NONE
2026-07-23 06:02:10,/home/runner/work/2026_fire_protection/2026_fire_protection/data/2026_diavgeia.csv,/home/runner/work/2026_fire_protection/2026_fire_protection/data/pdf_pages_dataset.csv,/home/runner/work/2026_fire_protection/2026_fire_protection/data/2026_diavgeia_filtered.csv,34,7942,2524,5418,2524,0,0,2524,True,NONE
